Mã Đơn Hàng (*),Thời Gian (YYYY-MM-DD HH:MM),Trạng Thái (completed/cancelled),Tên Món (*),Biến Thể / Size,Số Lượng (*),Đơn Giá Món (*),Topping Đi Kèm,Tiền Topping,Giảm Giá Đơn,Phí Ship,Phụ Thu,Tổng Tiền Đơn,Nguồn Tiền (Tiền mặt/Chuyển khoản),Thu Ngân,Ghi Chú Đơn
CJKVSXXZDQ,2026-08-19 22:25:44,completed,TÁO + LÊ,Size M,1,25000,,,0,0,0,25000,Chuyển khoản,DAT,
UCAKKDBZPI,2026-08-19 22:25:44,completed,LỰU + TÁO,Size M,1,30000,,,0,0,0,30000,Chuyển khoản,DAT,
ZPRMPWMCNO,2026-08-19 22:24:52,completed,LỰU,Size L,1,35000,,,0,0,0,35000,Tiền mặt,DAT,
YUHTBWGSXM,2026-08-19 21:29:10,completed,CAM,Size M,1,25000,,,0,0,0,25000,Chuyển khoản,DAT,
EYHUHWTEPM,2026-08-19 21:29:02,completed,LỰU,Size M,1,30000,,,0,0,0,30000,Chuyển khoản,DAT,
PHHSLIMJOT,2026-08-19 20:11:25,completed,CAM,Size M,2,25000,,,0,0,0,50000,Chuyển khoản,DAT,
QFAGLTURDU,2026-08-19 20:11:25,completed,DỨA,Size M,1,20000,,,0,0,0,20000,Chuyển khoản,DAT,
XDJBLUOSYD,2026-08-19 19:43:26,completed,DỨA,Size L,1,25000,,,0,0,0,25000,Chuyển khoản,DAT,
AXYXJYIKAF,2026-08-19 19:43:26,completed,LỰU,Size L,1,35000,,,0,0,0,35000,Chuyển khoản,DAT,
BRIBVYEYLK,2026-08-19 19:43:26,completed,LỰU + TÁO,Size L,1,35000,,,0,0,0,35000,Chuyển khoản,DAT,
REZVLLBOEW,2026-08-19 19:43:01,completed,CAM,Size M,2,25000,,,0,0,0,50000,Chuyển khoản,DAT,
JJZHHYTUUP,2026-08-19 17:43:06,completed,CAM,Size M,1,25000,,,0,0,0,25000,Chuyển khoản,NHUNG,
YBJOAAQZGK,2026-08-19 17:06:53,completed,LỰU,Size L,2,35000,,,0,0,0,70000,Chuyển khoản,NHUNG,
UMWBWTFWHB,2026-08-19 17:06:53,completed,ỔI,Size L,1,25000,,,0,0,0,25000,Chuyển khoản,NHUNG,
NVFEJMQDVN,2026-08-19 17:06:19,completed,CAM,Size M,1,25000,,,0,0,0,25000,Chuyển khoản,NHUNG,
DOJFYAHSZS,2026-08-19 16:34:10,completed,CAM,Size M,3,25000,,,0,0,0,75000,Chuyển khoản,NHUNG,
OKSEEXWRIL,2026-08-19 16:34:10,completed,CAM,Size M,1,0,,,0,0,0,0,Chuyển khoản,NHUNG,
LABJSLQCKT,2026-08-19 13:42:46,completed,ỔI,Size L,4,25000,,,0,0,0,100000,Tiền mặt,NHUNG,
BFSIWXTIJN,2026-08-19 13:42:46,completed,LÊ,Size L,2,30000,,,0,0,0,60000,Tiền mặt,NHUNG,
AUEWSGLCPV,2026-08-19 13:42:46,completed,DƯA HẤU,Size L,5,25000,,,0,0,0,125000,Tiền mặt,NHUNG,
HRPSNSPAKM,2026-08-19 13:42:46,completed,LỰU,Size L,1,0,,,0,0,0,0,Tiền mặt,NHUNG,
LOXNIAGLAW,2026-08-19 11:23:22,completed,CÀ PHÊ MUỐI,Size M,1,25000,,,0,0,0,25000,Chuyển khoản,NDN,
PUKQHAEETT,2026-08-19 11:12:22,completed,CAM,Size M,1,25000,,,0,0,0,25000,Tiền mặt,NDN,
LULZKCLLXV,2026-08-19 11:12:22,completed,CÀ PHÊ MUỐI,Size M,1,25000,,,0,0,0,25000,Tiền mặt,NDN,
YLKVRQEBMH,2026-08-19 10:50:19,completed,CAM,Size M,2,25000,,,0,0,0,50000,Tiền mặt,NDN,
WBMJKLPKMM,2026-08-19 10:50:09,completed,CÀ PHÊ SỮA,Size M,1,25000,,,0,0,0,25000,Chuyển khoản,NDN,
FREDZMZOZT,2026-08-19 10:03:50,completed,DƯA HẤU,Size L,1,25000,,,0,0,0,25000,Chuyển khoản,NDN,
OLCNJUTJXV,2026-08-19 09:53:59,completed,DỨA,Size L,1,25000,,,0,0,0,25000,Tiền mặt,NDN,
UBHAPNQHOQ,2026-08-18 21:50:40,completed,ỔI + DỨA,Size M,1,25000,,,0,0,0,25000,Chuyển khoản,DAT,
IDCKBISELQ,2026-08-18 21:50:40,completed,DỨA,Size M,1,20000,,,0,0,0,20000,Chuyển khoản,DAT,
PDIOVZEOYF,2026-08-18 21:26:54,completed,CÀ PHÊ MUỐI,Size M,1,25000,,,0,0,0,25000,Tiền mặt,DAT,
GCQNBDVOMU,2026-08-18 20:44:55,completed,CÀ PHÊ MUỐI,Size L,1,30000,,,0,0,0,30000,Chuyển khoản,DAT,
GSGRWIYMJG,2026-08-18 19:31:46,completed,DỨA + CAM,Size L,1,30000,,,0,0,0,30000,Chuyển khoản,DAT,
SWQOSTLHUB,2026-08-18 18:31:50,completed,LỰU,Size L,2,35000,,,0,0,0,70000,Chuyển khoản,NHUNG,
CWGPILYZKT,2026-08-18 17:41:15,completed,ỔI + CÓC,Size L,1,30000,,,0,0,0,30000,Chuyển khoản,NHUNG,
PLVHPFKRME,2026-08-18 17:32:55,completed,LỰU,Size M,1,30000,,,0,0,0,30000,Chuyển khoản,NHUNG,
CPXHPELZGY,2026-08-18 17:32:55,completed,CAM,Size M,1,25000,,,0,0,0,25000,Chuyển khoản,NHUNG,
HSZFKBVAOG,2026-08-18 17:32:55,completed,DƯA HẤU,Size M,1,20000,,,0,0,0,20000,Chuyển khoản,NHUNG,
SCUDAUKGHP,2026-08-18 17:32:55,completed,CÀ PHÊ MUỐI,Size M,1,25000,,,0,0,0,25000,Chuyển khoản,NHUNG,
CVHGNHCSXH,2026-08-18 17:02:49,completed,LÊ,Size M,1,25000,,,0,0,0,25000,Chuyển khoản,NHUNG,
TAXNNOGBVE,2026-08-18 16:12:54,completed,DƯA HẤU,Size L,1,25000,,,0,0,0,25000,Tiền mặt,NHUNG,
XNDHEIUBJO,2026-08-18 14:30:43,completed,DỨA + CAM,Size L,1,30000,,,0,0,0,30000,Chuyển khoản,NHUNG,
YMIEJBAOOU,2026-08-18 13:59:31,completed,CÀ PHÊ MUỐI,Size L,1,30000,,,0,0,0,30000,Chuyển khoản,NHUNG,
FFGAAFUTCH,2026-08-18 13:33:38,completed,CAM,Size L,1,30000,,,0,0,0,30000,Chuyển khoản,NHUNG,
RBMVYYLXKD,2026-08-18 12:38:12,completed,LỰU,Size L,4,35000,,,0,0,0,140000,Chuyển khoản,NHUNG,
FKNXCOGHRT,2026-08-18 12:38:12,completed,LỰU,Size M,1,30000,,,0,0,0,30000,Chuyển khoản,NHUNG,
CYPHBWWDQK,2026-08-18 12:38:12,completed,LỰU + TÁO,Size L,3,35000,,,0,0,0,105000,Chuyển khoản,NHUNG,
CSDDDRJPGM,2026-08-18 12:38:12,completed,ỔI + CÓC,Size L,2,30000,,,0,0,0,60000,Chuyển khoản,NHUNG,
OXDQGHOMBR,2026-08-18 12:38:12,completed,CÀ PHÊ MUỐI,Size L,2,30000,,,0,0,0,60000,Chuyển khoản,NHUNG,
OMKIZBAPAH,2026-08-18 12:38:12,completed,CAM,Size L,3,30000,,,0,0,0,90000,Chuyển khoản,NHUNG,
CUNUEHFSII,2026-08-18 12:24:08,completed,DỨA,Size M,1,20000,,,0,0,0,20000,Chuyển khoản,NHUNG,
ZYWIJDVELZ,2026-08-18 11:26:48,completed,CÀ PHÊ MUỐI,Size L,1,30000,,,0,0,0,30000,Tiền mặt,NHUNG,
KXQEUHQYXF,2026-08-18 11:25:24,completed,CÀ PHÊ SỮA,Size M,1,25000,,,0,0,0,25000,Chuyển khoản,NHUNG,
KEOOTAVIBT,2026-08-18 09:10:07,completed,DƯA HẤU,Size L,1,25000,,,0,0,0,25000,Chuyển khoản,NHUNG,
WXKBJYTARM,2026-08-18 09:09:31,completed,DƯA HẤU,Size L,1,25000,,,0,0,0,25000,Chuyển khoản,NHUNG,
MQCTISQDSD,2026-08-18 09:09:31,completed,ỔI,Size L,1,25000,,,0,0,0,25000,Chuyển khoản,NHUNG,
EAGFGBMMNB,2026-08-18 08:37:30,completed,CÀ PHÊ MUỐI,Size M,1,25000,,,0,0,0,25000,Chuyển khoản,NHUNG,
ZBQKKUOZNQ,2026-08-18 08:37:21,completed,LỰU,Size L,2,35000,,,0,0,0,70000,Chuyển khoản,NHUNG,
XOMDVMABBE,2026-08-18 08:37:13,completed,LỰU,Size L,1,35000,,,0,0,0,35000,Chuyển khoản,NHUNG,
LMXDGCSGCI,2026-08-18 08:37:13,completed,DƯA HẤU,Size L,1,25000,,,0,0,0,25000,Chuyển khoản,NHUNG,
ZQDXBDKZXR,2026-08-17 22:26:00,completed,DƯA HẤU,Size M,1,20000,,,0,0,0,20000,Chuyển khoản,DAT,
PQIIXSLDXP,2026-08-17 22:00:57,completed,CÓC,Size M,5,20000,,,20000,0,0,0,Tiền mặt,NDN,
CCNBWRFXDQ,2026-08-17 21:43:42,completed,LỰU,Size L,2,35000,,,0,0,0,70000,Tiền mặt,DAT,
FXOKJALYBZ,2026-08-17 21:43:42,completed,ỔI + DỨA,Size L,1,30000,,,0,0,0,30000,Tiền mặt,DAT,
SYJRUUXQNP,2026-08-17 21:41:58,completed,CÓC,Size L,1,25000,,,0,0,0,25000,Tiền mặt,DAT,
ZGPKKYARDG,2026-08-17 21:41:58,completed,DƯA VÀNG,Size L,1,30000,,,0,0,0,30000,Tiền mặt,DAT,
SVZHCIQHZU,2026-08-17 21:41:58,completed,LỰU,Size L,1,35000,,,0,0,0,35000,Tiền mặt,DAT,
VSVNNAAVYO,2026-08-17 21:40:57,completed,LỰU,Size L,1,35000,,,0,0,0,35000,Tiền mặt,DAT,
FLAHHVYAEQ,2026-08-17 21:40:57,completed,ỔI + CÓC,Size L,1,30000,,,0,0,0,30000,Tiền mặt,DAT,
VNCFYWUONA,2026-08-17 21:40:57,completed,CAM + CÀ RỐT,Size L,1,30000,,,0,0,0,30000,Tiền mặt,DAT,
UQXHXGGYRU,2026-08-17 21:40:27,completed,LỰU,Size L,1,35000,,,0,0,0,35000,Tiền mặt,DAT,
XOABEVJQVO,2026-08-17 21:40:27,completed,CAM,Size L,1,30000,,,0,0,0,30000,Tiền mặt,DAT,
XLKDFXZVEC,2026-08-17 21:40:27,completed,DƯA HẤU,Size L,1,25000,,,0,0,0,25000,Tiền mặt,DAT,
SPMFVVTBDL,2026-08-17 21:39:59,completed,LỰU + DỨA,Size L,1,35000,,,0,0,0,35000,Tiền mặt,DAT,
YDEXDYOWIJ,2026-08-17 21:39:59,completed,DỨA + TÁO,Size L,1,30000,,,0,0,0,30000,Tiền mặt,DAT,
TULMYARATH,2026-08-17 21:39:59,completed,ỔI + TÁO,Size L,1,30000,,,0,0,0,30000,Tiền mặt,DAT,
IESQSDQCBI,2026-08-17 21:39:14,completed,LỰU,Size L,2,35000,,,0,0,0,70000,Tiền mặt,DAT,
NDUJKXCCIU,2026-08-17 20:01:03,completed,DƯA HẤU,Size L,1,25000,,,0,0,0,25000,Tiền mặt,DAT,
XLMEIDVZZV,2026-08-17 19:48:45,completed,LỰU,Size L,1,35000,,,0,0,0,35000,Tiền mặt,DAT,
PTLMOKBGNR,2026-08-17 19:48:37,completed,DƯA HẤU,Size M,1,20000,,,0,0,0,20000,Tiền mặt,DAT,
UZFUEZHSNZ,2026-08-17 19:48:23,completed,DƯA VÀNG,Size L,1,30000,,,0,0,0,30000,Chuyển khoản,DAT,
QMUPLPKGBO,2026-08-17 19:48:10,completed,LỰU,Size L,1,35000,,,0,0,0,35000,Chuyển khoản,DAT,
KHCGYIIZAE,2026-08-17 18:13:46,completed,LỰU,Size L,1,35000,,,0,0,0,35000,Chuyển khoản,NDN,
URUHFWNGAW,2026-08-17 18:13:46,completed,LỰU,Size M,1,30000,,,0,0,0,30000,Chuyển khoản,NDN,
NRHZUPSIOS,2026-08-17 18:13:27,completed,DƯA HẤU,Size M,1,20000,,,0,0,0,20000,Chuyển khoản,NDN,
XIRPEJNAYC,2026-08-17 18:13:27,completed,ỔI,Size M,1,20000,,,0,0,0,20000,Chuyển khoản,NDN,
MUOVGEKWTE,2026-08-17 17:39:55,completed,LỰU,Size M,1,30000,,,0,0,0,30000,Chuyển khoản,NHUNG,
XXRHRENMVZ,2026-08-17 17:19:57,completed,DỨA,Size M,1,20000,,,0,0,0,20000,Tiền mặt,NHUNG,
TRDMTMGRJP,2026-08-17 17:05:38,completed,LỰU,Size L,2,35000,,,0,0,0,70000,Chuyển khoản,NHUNG,
HTKLEJRWHP,2026-08-17 16:14:52,completed,DỨA,Size L,1,25000,,,0,0,0,25000,Chuyển khoản,NHUNG,
MIDSFXJTOA,2026-08-17 16:12:21,completed,DƯA HẤU,Size M,1,20000,,,0,0,0,20000,Chuyển khoản,NDN,
MWJOIGJRZU,2026-08-17 16:12:21,completed,LỰU,Size M,1,30000,,,0,0,0,30000,Chuyển khoản,NDN,
JAMJANDWXB,2026-08-17 16:04:00,completed,DƯA HẤU,Size L,1,25000,,,0,0,0,25000,Tiền mặt,NHUNG,
FSLVXEDHWB,2026-08-17 14:37:08,completed,CÓC,Size M,1,20000,,,20000,0,0,0,Tiền mặt,NDN,
UPIBADDTHU,2026-08-17 14:26:59,completed,LỰU,Size M,1,30000,,,0,0,0,30000,Chuyển khoản,NHUNG,
KTTSGYBGPL,2026-08-17 14:26:28,completed,DƯA HẤU,Size M,2,20000,,,0,0,0,40000,Chuyển khoản,NHUNG,
QUMUZNGATN,2026-08-17 14:26:28,completed,CAM,Size M,1,25000,,,0,0,0,25000,Chuyển khoản,NHUNG,
RZKUREPPOT,2026-08-17 14:13:01,completed,CÓC + TÁO,Size M,1,25000,,,0,0,0,25000,Chuyển khoản,NHUNG,
RCHGDYLIVV,2026-08-17 14:07:16,completed,CAM,Size M,5,25000,,,0,0,0,125000,Chuyển khoản,NDN,
JNTSRQIENZ,2026-08-17 14:07:16,completed,DỨA,Size M,2,20000,,,0,0,0,40000,Chuyển khoản,NDN,
MPNSCRGVNA,2026-08-17 12:22:56,completed,LỰU,Size L,1,35000,,,0,0,0,35000,Tiền mặt,NHUNG,
CTMISZGPPE,2026-08-17 12:22:56,completed,DƯA HẤU,Size L,1,25000,,,0,0,0,25000,Tiền mặt,NHUNG,
RCCMTXEJVD,2026-08-17 11:34:24,completed,LỰU,Size M,1,30000,,,0,0,0,30000,Chuyển khoản,NHUNG,
WOWQGACNYH,2026-08-17 10:57:28,completed,TÁO,Size L,1,30000,,,0,0,0,30000,Chuyển khoản,NHUNG,
RPXCNIULLQ,2026-08-17 10:34:42,completed,LỰU,Size L,1,35000,,,0,0,0,35000,Chuyển khoản,NHUNG,
VWPWTJBVJK,2026-08-17 10:34:42,completed,DƯA HẤU + TÁO,Size L,1,30000,,,0,0,0,30000,Chuyển khoản,NHUNG,
OXTAJKMTKQ,2026-08-17 09:14:30,completed,LÊ,Size M,1,25000,,,9000,0,0,16000,Chuyển khoản,NHUNG,
CDJCLUGWWC,2026-08-16 22:36:18,completed,CÓC,Size L,1,25000,,,0,0,0,25000,Chuyển khoản,DAT,
PBCOPODYLG,2026-08-16 22:36:18,completed,DƯA VÀNG,Size L,1,30000,,,0,0,0,30000,Chuyển khoản,DAT,
VTMMEBJGMV,2026-08-16 21:25:15,completed,LỰU,Size M,1,30000,,,0,0,0,30000,Chuyển khoản,DAT,
EDYNCMHJOC,2026-08-16 21:08:11,completed,LỰU,Size L,1,35000,,,0,0,0,35000,Chuyển khoản,DAT,
DKJMNIBCEF,2026-08-16 20:59:53,completed,LỰU,Size L,1,35000,,,0,0,0,35000,Chuyển khoản,DAT,
ZKSHQMGUHY,2026-08-16 20:59:53,completed,DƯA HẤU,Size L,1,25000,,,0,0,0,25000,Chuyển khoản,DAT,
XHCYIPGPZU,2026-08-16 20:44:23,completed,DỨA + CAM,Size L,1,30000,,,0,0,0,30000,Chuyển khoản,DAT,
XHHTNOAKNC,2026-08-16 20:33:22,completed,CÀ PHÊ SỮA,Size M,2,25000,,,0,0,0,50000,Tiền mặt,DAT,
MZQGLTYYBW,2026-08-16 20:33:11,completed,DỨA,Size L,1,25000,,,0,0,0,25000,Chuyển khoản,DAT,
NELFLUJXDQ,2026-08-16 20:33:11,completed,CAM,Size L,1,30000,,,0,0,0,30000,Chuyển khoản,DAT,
OIHQRLGDIJ,2026-08-16 19:20:39,completed,DƯA HẤU,Size L,2,25000,,,0,0,0,50000,Chuyển khoản,NHUNG,
CRUUZIWJSL,2026-08-16 19:20:39,completed,DỨA + CAM,Size M,1,25000,,,0,0,0,25000,Chuyển khoản,NHUNG,
MKRPKPAIFQ,2026-08-16 18:32:03,completed,LỰU,Size L,2,35000,,,0,0,0,70000,Chuyển khoản,NHUNG,
WDAPGTYCPH,2026-08-16 18:32:03,completed,CÓC,Size L,1,25000,,,0,0,0,25000,Chuyển khoản,NHUNG,
HDUHVTHWBU,2026-08-16 18:32:03,completed,DƯA HẤU,Size M,1,0,,,0,0,0,0,Chuyển khoản,NHUNG,
FKLFRUIEBV,2026-08-16 18:30:02,cancelled,LỰU,Size L,2,35000,,,0,0,0,70000,Tiền mặt,NHUNG,
OSMKZSHFGG,2026-08-16 18:30:02,cancelled,CÓC,Size L,1,25000,,,0,0,0,25000,Tiền mặt,NHUNG,
RMHAEDNZLB,2026-08-16 18:30:02,cancelled,DƯA HẤU,Size M,1,0,,,0,0,0,0,Tiền mặt,NHUNG,
WCWSFDWMPS,2026-08-16 18:30:23,completed,LỰU,Size L,3,35000,,,0,0,0,105000,Chuyển khoản,NHUNG,
FWPIQGZMGV,2026-08-16 18:30:23,completed,CÓC,Size L,1,25000,,,0,0,0,25000,Chuyển khoản,NHUNG,
PJUYCGEQDO,2026-08-16 17:59:48,completed,DỨA + CAM,Size M,1,25000,,,0,0,0,25000,Tiền mặt,NHUNG,
TVJKFVAEYX,2026-08-16 17:59:48,completed,DƯA HẤU,Size M,1,20000,,,0,0,0,20000,Tiền mặt,NHUNG,
OUSXVNHDHH,2026-08-16 17:40:12,completed,CÓC,Size M,1,0,,,0,0,0,0,Tiền mặt,NHUNG,
DXOLHTJFXB,2026-08-16 17:39:06,completed,LỰU,Size L,1,40000,,,0,0,0,40000,Chuyển khoản,NHUNG,
QBSULPWJIC,2026-08-16 17:09:41,completed,LỰU,Size M,1,30000,,,0,0,0,30000,Chuyển khoản,NHUNG,
DGWXRATTLL,2026-08-16 17:09:41,completed,TÁO,Size M,2,25000,,,0,0,0,50000,Chuyển khoản,NHUNG,
ESMVXNOHXJ,2026-08-16 17:09:41,completed,DƯA HẤU,Size M,1,20000,,,0,0,0,20000,Chuyển khoản,NHUNG,
MRNVDMLCAO,2026-08-16 17:09:41,completed,DƯA HẤU,Size M,1,0,,,0,0,0,0,Chuyển khoản,NHUNG,
GWJIAQKCTP,2026-08-16 17:09:04,completed,LỰU,Size L,1,35000,,,0,0,0,35000,Chuyển khoản,NHUNG,
ZCXAYHHZDZ,2026-08-16 17:09:04,completed,LỰU + TÁO,Size L,1,35000,,,0,0,0,35000,Chuyển khoản,NHUNG,
SCEMGVHBFZ,2026-08-16 15:25:26,completed,CAM,Size L,1,30000,,,0,0,0,30000,Chuyển khoản,NHUNG,
KFQXMTJYZS,2026-08-16 15:25:26,completed,DƯA HẤU,Size L,1,25000,,,0,0,0,25000,Chuyển khoản,NHUNG,
JTEFAWVZFL,2026-08-16 15:25:11,completed,TÁO,Size M,1,25000,,,0,0,0,25000,Chuyển khoản,NHUNG,
PWWCBFLMLR,2026-08-16 15:25:11,completed,ỔI,Size M,1,20000,,,0,0,0,20000,Chuyển khoản,NHUNG,
MZUWZDDORF,2026-08-16 14:47:08,completed,CAM,Size L,1,30000,,,0,0,0,30000,Chuyển khoản,NHUNG,
LZCVIBJHPD,2026-08-16 14:45:17,completed,CÀ PHÊ MUỐI,Size M,1,25000,,,0,0,0,25000,Chuyển khoản,NHUNG,
ZJCZSTFDKC,2026-08-16 13:38:45,completed,LÊ,Size L,1,30000,,,0,0,0,30000,Chuyển khoản,NDN,
TGJOWWOIKN,2026-08-16 13:35:53,completed,LỰU,Size L,2,35000,,,0,0,0,70000,Chuyển khoản,NDN,
UJUPBWBEEA,2026-08-16 13:35:53,completed,DỨA,Size L,1,25000,,,0,0,0,25000,Chuyển khoản,NDN,
GJSSKRMGMM,2026-08-16 13:34:42,completed,DỨA,Size L,1,25000,,,0,0,0,25000,Chuyển khoản,NDN,
IDYPSJVSLH,2026-08-16 13:34:27,completed,DƯA HẤU,Size M,1,20000,,,0,0,0,20000,Chuyển khoản,NDN,
EDMDKULVTC,2026-08-16 12:46:17,completed,CÀ PHÊ MUỐI,Size L,1,30000,,,0,0,0,30000,Chuyển khoản,NDN,
YMOBHMNHMW,2026-08-16 11:41:55,completed,LỰU,Size L,1,35000,,,0,0,0,35000,Chuyển khoản,NDN,
KTNYMGOQLF,2026-08-16 11:24:05,completed,ỔI,Size M,1,20000,,,0,0,0,20000,Tiền mặt,NDN,
VQLFQVNFTD,2026-08-16 11:24:05,completed,DƯA VÀNG,Size L,1,30000,,,0,0,0,30000,Tiền mặt,NDN,
KCOMFMGMBF,2026-08-16 10:11:32,completed,CAM,Size L,1,30000,,,0,0,0,30000,Chuyển khoản,NHUNG,
ZUWOMPFHJU,2026-08-16 10:11:32,completed,LỰU,Size L,1,35000,,,0,0,0,35000,Chuyển khoản,NHUNG,
WQTMWTNIVY,2026-08-16 09:01:40,completed,CÀ PHÊ SỮA,Size M,1,25000,,,0,0,0,25000,Tiền mặt,NDN,
XJRSSUNAHT,2026-08-16 09:00:16,completed,CAM,Size M,2,25000,,,0,0,0,50000,Chuyển khoản,NDN,
RJWVOTQGTE,2026-08-15 22:13:00,completed,CAM,Size M,1,25000,,,0,0,0,25000,Chuyển khoản,DAT,
VOCYJYWWFR,2026-08-15 22:09:43,completed,LÊ,Size L,1,30000,,,10000,0,0,20000,Chuyển khoản,NHUNG,
COOKRUCRRY,2026-08-15 21:54:24,completed,DƯA HẤU,Size L,1,25000,,,0,0,0,25000,Chuyển khoản,DAT,
CVBVXKNFOC,2026-08-15 21:08:14,completed,CAM,Size M,1,25000,,,0,0,0,25000,Chuyển khoản,DAT,
KXHZBLWDGE,2026-08-15 20:19:34,completed,CÀ PHÊ MUỐI,Size L,1,30000,,,0,0,0,30000,Chuyển khoản,DAT,
CGWWRYDHPL,2026-08-15 19:48:59,completed,CÓC + TÁO,Size M,1,25000,,,0,0,0,25000,Tiền mặt,DAT,
TMDAJJZCEV,2026-08-15 18:16:40,completed,DƯA HẤU,Size L,1,25000,,,0,0,0,25000,Tiền mặt,DAT,
IUMWKNYQOT,2026-08-15 18:11:38,completed,LỰU,Size L,2,35000,,,0,0,0,70000,Chuyển khoản,DAT,
WWWVUENKQX,2026-08-15 17:26:31,completed,ỔI,Size M,1,20000,,,4000,0,0,16000,Chuyển khoản,NDN,
FGVQCFPHDY,2026-08-15 17:16:51,completed,CÓC + DỨA,Size M,1,25000,,,0,0,0,25000,Chuyển khoản,NHUNG,
XDKWAGXACS,2026-08-15 16:20:24,completed,LỰU,Size L,1,35000,,,0,0,0,35000,Chuyển khoản,NHUNG,
PTHEMDQOIP,2026-08-15 16:20:24,completed,LỰU,Size M,1,30000,,,0,0,0,30000,Chuyển khoản,NHUNG,
FYKMJJFSWE,2026-08-15 14:41:14,completed,DƯA HẤU + TÁO,Size L,1,30000,,,0,0,0,30000,Chuyển khoản,NHUNG,
ENAFQOVNCE,2026-08-15 14:41:14,completed,CÀ PHÊ MUỐI,Size L,1,30000,,,0,0,0,30000,Chuyển khoản,NHUNG,
FGOJPHKJKJ,2026-08-15 13:15:45,completed,LỰU,Size L,3,35000,,,0,0,0,105000,Chuyển khoản,NHUNG,
CZJFHKEQCO,2026-08-15 13:15:45,completed,CÓC,Size M,1,0,,,0,0,0,0,Chuyển khoản,NHUNG,
SAVZYRMLXL,2026-08-15 13:13:21,completed,LỰU,Size L,1,35000,,,0,0,0,35000,Chuyển khoản,NHUNG,
RVDMFADCFZ,2026-08-15 13:13:21,completed,TÁO,Size L,1,30000,,,0,0,0,30000,Chuyển khoản,NHUNG,
NMTKBRZTRL,2026-08-15 12:52:17,completed,CAM,Size L,2,30000,,,0,0,0,60000,Tiền mặt,NDN,
OXMVKHVYUP,2026-08-15 12:52:17,completed,LỰU,Size L,1,35000,,,0,0,0,35000,Tiền mặt,NDN,
ETIDRECUHS,2026-08-15 12:52:17,completed,CÓC,Size L,1,25000,,,0,0,0,25000,Tiền mặt,NDN,
YMTNVVIWYI,2026-08-15 12:51:39,completed,CÀ PHÊ MUỐI,Size M,1,30000,,,0,0,0,30000,Chuyển khoản,NDN,
JIVGCKFVZU,2026-08-15 12:46:06,completed,DƯA HẤU,Size L,2,20000,,,0,0,0,40000,Chuyển khoản,NHUNG,
ZZRYDUWZQJ,2026-08-15 12:15:27,completed,DỨA,Size M,1,25000,,,0,0,0,25000,Chuyển khoản,NDN,
KYBXJVQOMJ,2026-08-15 11:21:09,completed,DƯA HẤU,Size M,2,20000,,,0,0,0,40000,Chuyển khoản,NDN,
IFSETSUSEQ,2026-08-15 11:21:09,completed,DỨA,Size M,1,20000,,,0,0,0,20000,Chuyển khoản,NDN,
VKJPNKIEWX,2026-08-15 11:20:56,completed,LỰU,Size M,1,30000,,,0,0,0,30000,Chuyển khoản,NDN,
INJSCAHTRJ,2026-08-15 11:20:47,completed,LỰU,Size M,1,30000,,,0,0,0,30000,Tiền mặt,NDN,
HSRXRMEVCJ,2026-08-15 10:10:31,completed,CÀ PHÊ SỮA,Size M,1,25000,,,0,0,0,25000,Tiền mặt,NDN,
BROFNOGBJI,2026-08-15 09:11:53,completed,LỰU,Size M,1,30000,,,0,0,0,30000,Chuyển khoản,NDN,
GHKCOBRMDQ,2026-08-15 09:11:53,completed,CAM,Size M,1,25000,,,0,0,0,25000,Chuyển khoản,NDN,
YYWYFGRHZL,2026-08-15 09:11:53,completed,ỔI,Size M,1,20000,,,0,0,0,20000,Chuyển khoản,NDN,
XVFWVCLGVO,2026-08-15 09:11:53,completed,DƯA VÀNG,Size M,1,25000,,,0,0,0,25000,Chuyển khoản,NDN,
TZJPJDINDG,2026-08-15 09:11:53,completed,TÁO,Size M,1,25000,,,0,0,0,25000,Chuyển khoản,NDN,
EPIJLSCIKO,2026-08-15 09:11:53,completed,LÊ,Size M,1,25000,,,0,0,0,25000,Chuyển khoản,NDN,
IYGGZIPOBP,2026-08-15 09:11:53,completed,DƯA HẤU,Size M,1,0,,,0,0,0,0,Chuyển khoản,NDN,
NQRRSECOJR,2026-08-15 08:43:00,completed,CÀ PHÊ MUỐI,Size M,1,25000,,,0,0,0,25000,Tiền mặt,NDN,
POCDDGMTVQ,2026-08-15 08:12:22,completed,CÀ PHÊ SỮA,Size M,1,25000,,,0,0,0,25000,Chuyển khoản,NDN,
UUGXERVFSQ,2026-08-14 22:33:11,completed,DƯA HẤU,Size M,1,20000,,,0,0,0,20000,Chuyển khoản,DAT,
XSTBAFMFJZ,2026-08-14 22:04:18,completed,LỰU,Size L,1,30000,,,0,0,0,30000,Chuyển khoản,DAT,
WEUHXRECPM,2026-08-14 21:47:28,completed,DỨA + CAM,Size L,1,30000,,,0,0,0,30000,Tiền mặt,DAT,
TOIFCUIZLC,2026-08-14 21:43:12,completed,LỰU,Size L,1,35000,,,0,0,0,35000,Chuyển khoản,DAT,
XOYVSAKFJY,2026-08-14 18:19:39,cancelled,LỰU,Size L,1,35000,,,0,0,0,35000,Chuyển khoản,NHUNG,
BDIZSKVXSX,2026-08-14 20:25:17,completed,TÁO + CÀ RỐT,Size L,2,30000,,,0,0,0,60000,Chuyển khoản,DAT,
WQUZEDGRBT,2026-08-14 20:21:26,completed,LỰU,Size M,1,35000,,,0,0,0,35000,Chuyển khoản,DAT,
VMBAIIWRMM,2026-08-14 18:49:23,completed,CÀ PHÊ ĐEN,Size M,1,20000,,,0,0,0,20000,Tiền mặt,NHUNG,
UBVZYQLJHS,2026-08-14 18:25:33,completed,CÀ PHÊ SỮA,Size L,1,25000,,,0,0,0,25000,Chuyển khoản,NHUNG,
UKLUIJLRRL,2026-08-14 18:13:49,completed,CÓC + TÁO,Size L,1,30000,,,0,0,0,30000,Chuyển khoản,NDN,
BQYAEQGRBW,2026-08-14 18:13:34,completed,CAM,Size L,1,30000,,,0,0,0,30000,Tiền mặt,NDN,
WTTHZVUEZG,2026-08-14 17:50:55,completed,CAM,Size L,1,30000,,,0,0,0,30000,Chuyển khoản,NHUNG,
YXPHWLOQBQ,2026-08-14 17:35:10,completed,DƯA HẤU,Size L,1,25000,,,0,0,0,25000,Tiền mặt,NHUNG,
FBXNTJMWSY,2026-08-14 17:35:10,completed,DƯA HẤU + DỨA,Size L,1,30000,,,0,0,0,30000,Tiền mặt,NHUNG,
FIOAVQPMPG,2026-08-14 16:58:27,completed,LỰU,Size M,2,35000,,,0,0,0,70000,Chuyển khoản,NHUNG,
CZFOHIJUGJ,2026-08-14 16:58:27,completed,CÓC,Size L,1,25000,,,0,0,0,25000,Chuyển khoản,NHUNG,
WRGAAQMPWJ,2026-08-14 16:56:57,completed,CÀ PHÊ MUỐI,Size M,1,25000,,,0,0,0,25000,Chuyển khoản,NHUNG,
ZRVPGJMSEP,2026-08-14 15:39:39,completed,LỰU,Size L,1,35000,,,0,0,0,35000,Tiền mặt,NHUNG,
JKINDYNDCE,2026-08-14 15:39:26,completed,LỰU,Size L,1,30000,,,0,0,0,30000,Tiền mặt,NHUNG,
ENGGRJDFAL,2026-08-14 13:54:18,completed,ỔI,Size M,1,25000,,,0,0,0,25000,Chuyển khoản,NHUNG,
GMULTPGRWJ,2026-08-14 13:41:58,completed,CAM,Size L,1,30000,,,0,0,0,30000,Tiền mặt,NHUNG,
XKVBMKASMG,2026-08-14 13:40:30,completed,CÀ PHÊ SỮA,Size M,1,25000,,,0,0,0,25000,Chuyển khoản,NHUNG,
YHAMVAXRIG,2026-08-14 12:37:47,completed,DƯA HẤU,Size M,3,25000,,,0,0,0,75000,Chuyển khoản,NHUNG,
UAPIBXUQRH,2026-08-14 12:37:47,completed,CÀ PHÊ ĐEN,Size L,1,20000,,,0,0,0,20000,Chuyển khoản,NHUNG,
ROEQMEZCMN,2026-08-14 12:37:47,completed,ỔI + CÓC,Size L,1,25000,,,0,0,0,25000,Chuyển khoản,NHUNG,
NEJDRDYYJY,2026-08-14 12:10:07,completed,LỰU,Size L,3,35000,,,0,0,0,105000,Chuyển khoản,NHUNG,
OEWDVORMSL,2026-08-14 12:10:07,completed,CÓC,Size L,1,0,,,0,0,0,0,Chuyển khoản,NHUNG,
XATOOCYQLU,2026-08-14 11:34:51,completed,CAM + CÀ RỐT,Size M,1,30000,,,0,0,0,30000,Chuyển khoản,NHUNG,
VWXGRVEQDW,2026-08-14 11:34:04,completed,LỰU,Size L,1,35000,,,0,0,0,35000,Chuyển khoản,NHUNG,
AAZUBLPVXO,2026-08-14 11:34:04,completed,LỰU,Size L,1,30000,,,0,0,0,30000,Chuyển khoản,NHUNG,
NABHIMXQSU,2026-08-14 11:34:04,completed,ỔI + CÓC,Size L,1,30000,,,0,0,0,30000,Chuyển khoản,NHUNG,
XYSTYRXGHW,2026-08-14 11:34:04,completed,DƯA VÀNG + TÁO,Size L,1,30000,,,0,0,0,30000,Chuyển khoản,NHUNG,
VDFYAHZEAS,2026-08-14 11:29:51,completed,LỰU,Size M,3,35000,,,0,0,0,105000,Chuyển khoản,NHUNG,
ZQPXAOQEIN,2026-08-14 11:29:51,completed,ỔI,Size L,1,25000,,,0,0,0,25000,Chuyển khoản,NHUNG,
OVPIGXZIHZ,2026-08-14 11:29:51,completed,CÓC,Size L,1,0,,,0,0,0,0,Chuyển khoản,NHUNG,
UZAPQOEJGO,2026-08-14 10:54:34,completed,LỰU,Size L,1,35000,,,0,0,0,35000,Chuyển khoản,NHUNG,
JDUEFCMNWN,2026-08-14 10:54:34,completed,CÓC,Size L,1,25000,,,0,0,0,25000,Chuyển khoản,NHUNG,
LWGHNBFHUS,2026-08-14 10:54:18,completed,CAM,Size L,1,30000,,,0,0,0,30000,Chuyển khoản,NHUNG,
VUOWVACRYG,2026-08-14 10:54:18,completed,ỔI + CÓC,Size M,1,30000,,,0,0,0,30000,Chuyển khoản,NHUNG,
YPNQCLDEWE,2026-08-14 10:54:02,completed,CÀ PHÊ MUỐI,Size M,1,30000,,,0,0,0,30000,Chuyển khoản,NHUNG,
AUGGYSEHEE,2026-08-14 10:53:54,completed,CÀ PHÊ ĐEN,Size M,1,20000,,,0,0,0,20000,Chuyển khoản,NHUNG,
KQWSEICGED,2026-08-14 09:54:24,completed,CÓC,Size M,1,20000,,,0,0,0,20000,Chuyển khoản,NHUNG,
OAAOSJLUKY,2026-08-14 09:26:42,completed,CAM,Size L,1,25000,,,0,0,0,25000,Chuyển khoản,NHUNG,
OUGIQSALYH,2026-08-13 22:47:04,completed,DƯA HẤU,Size L,1,20000,,,0,0,0,20000,Tiền mặt,DAT,
KVPEZXPXSX,2026-08-13 22:04:00,completed,CÓC + DỨA,Size L,1,30000,,,0,0,0,30000,Tiền mặt,DAT,
RFZTIHWPQM,2026-08-13 22:04:00,completed,TÁO + LÊ,Size L,1,30000,,,0,0,0,30000,Tiền mặt,DAT,
JXAQNFMPRJ,2026-08-13 21:36:06,completed,DƯA HẤU,Size L,1,25000,,,0,0,0,25000,Chuyển khoản,DAT,
XHTUQXTQTR,2026-08-13 20:48:52,completed,DỨA + CAM,Size M,1,30000,,,0,0,0,30000,Chuyển khoản,DAT,
HDFFOLXTND,2026-08-13 20:48:52,completed,DƯA HẤU,Size L,2,25000,,,0,0,0,50000,Chuyển khoản,DAT,
UERXOZVFZY,2026-08-13 20:48:52,completed,CÀ PHÊ MUỐI,Size L,1,25000,,,0,0,0,25000,Chuyển khoản,DAT,
YLBKKVJAFL,2026-08-13 20:19:13,completed,CAM,Size M,2,30000,,,0,0,0,60000,Chuyển khoản,DAT,
LEGJCZLGXW,2026-08-13 20:19:13,completed,DỨA,Size L,1,25000,,,0,0,0,25000,Chuyển khoản,DAT,
DREQQXMURT,2026-08-13 20:19:13,completed,DƯA VÀNG,Size M,1,25000,,,0,0,0,25000,Chuyển khoản,DAT,
PMVSKXNDWX,2026-08-13 20:19:13,completed,DƯA HẤU,Size M,1,25000,,,0,0,0,25000,Chuyển khoản,DAT,
TXGZCLAMMA,2026-08-13 19:52:02,completed,DƯA HẤU,Size M,1,20000,,,0,0,0,20000,Tiền mặt,DAT,
BRTODNRJWE,2026-08-13 19:38:26,completed,ỔI + CÓC,Size M,1,25000,,,0,0,0,25000,Tiền mặt,DAT,
TIIVRYBZGM,2026-08-13 19:38:26,completed,TÁO + LÊ,Size L,1,25000,,,0,0,0,25000,Tiền mặt,DAT,
PWBOWIGOBS,2026-08-13 19:12:03,completed,CAM,Size L,1,25000,,,0,0,0,25000,Chuyển khoản,NHUNG,
WAJLNGVUWY,2026-08-13 19:11:55,completed,DƯA HẤU,Size L,1,25000,,,0,0,0,25000,Chuyển khoản,NHUNG,
QSUQJURCAY,2026-08-13 19:10:58,completed,DƯA HẤU,Size M,3,25000,,,0,0,0,75000,Chuyển khoản,NHUNG,
HEIYISDOFU,2026-08-13 19:10:48,completed,LỰU,Size M,4,35000,,,0,0,0,140000,Tiền mặt,NHUNG,
DNFMJTJZBI,2026-08-13 18:30:50,completed,CÓC + DỨA,Size M,1,25000,,,0,0,0,25000,Chuyển khoản,NHUNG,
QHAGOVLOJZ,2026-08-13 18:30:50,completed,CAM,Size L,1,25000,,,0,0,0,25000,Chuyển khoản,NHUNG,
EWMHVAKTWZ,2026-08-13 18:20:19,completed,DƯA HẤU,Size M,1,20000,,,0,0,0,20000,Chuyển khoản,NHUNG,
XOXHGAWLYN,2026-08-13 18:20:11,completed,LỰU,Size M,1,35000,,,0,0,0,35000,Chuyển khoản,NHUNG,
DXKNSXIRPD,2026-08-13 17:13:59,completed,ỔI,Size M,1,20000,,,0,0,0,20000,Chuyển khoản,NHUNG,
LPUNRRNFLM,2026-08-13 16:30:55,completed,CÀ PHÊ MUỐI,Size L,1,25000,,,0,0,0,25000,Chuyển khoản,NHUNG,
KQBAEGRIVP,2026-08-13 16:11:17,completed,CÀ PHÊ MUỐI,Size M,1,25000,,,0,0,0,25000,Chuyển khoản,NHUNG,
DXYYBKHCYY,2026-08-13 15:40:39,completed,DƯA HẤU,Size L,1,25000,,,0,0,0,25000,Tiền mặt,NHUNG,
HPXYASTBFI,2026-08-13 15:27:12,completed,DƯA HẤU,Size M,1,20000,,,0,0,0,20000,Tiền mặt,NHUNG,
AIZWSGYESF,2026-08-13 15:27:12,completed,DƯA HẤU,Size M,1,25000,,,0,0,0,25000,Tiền mặt,NHUNG,
QXUGKKFJXS,2026-08-13 15:19:10,completed,DỨA,Size L,1,20000,,,0,0,0,20000,Tiền mặt,NHUNG,
OHUEYUHEFG,2026-08-13 14:16:30,completed,TÁO,Size L,1,25000,,,0,0,0,25000,Chuyển khoản,NHUNG,
VMBGDWOKUV,2026-08-13 12:49:29,completed,LỰU,Size L,1,35000,,,0,0,0,35000,Chuyển khoản,NHUNG,
YBKSPPZYXK,2026-08-13 12:49:29,completed,ỔI,Size L,1,25000,,,0,0,0,25000,Chuyển khoản,NHUNG,
EMDYKIYSTU,2026-08-13 12:49:16,completed,LỰU,Size M,1,35000,,,0,0,0,35000,Chuyển khoản,NHUNG,
GECVXBAECE,2026-08-13 10:59:10,completed,DỨA,Size M,1,25000,,,0,0,0,25000,Tiền mặt,NDN,
NXHFHCHRDZ,2026-08-13 10:59:00,completed,CÀ PHÊ SỮA,Size L,1,25000,,,0,0,0,25000,Tiền mặt,NDN,
YDCJUXOMAC,2026-08-12 21:59:46,completed,CAM,Size M,1,25000,,,0,0,0,25000,Tiền mặt,DAT,
FIAAOBNZDK,2026-08-12 20:34:58,completed,DƯA VÀNG,Size L,1,30000,,,0,0,0,30000,Chuyển khoản,DAT,
YBFDTNHAAW,2026-08-12 20:20:59,completed,DƯA VÀNG,Size M,1,25000,,,0,0,0,25000,Chuyển khoản,DAT,
PVJPNMYSMH,2026-08-12 20:20:59,completed,DƯA VÀNG + LÊ,Size M,1,30000,,,0,0,0,30000,Chuyển khoản,DAT,
YWVDLEZFBB,2026-08-12 20:01:24,completed,DỨA + TÁO,Size L,1,25000,,,0,0,0,25000,Chuyển khoản,DAT,
LUCLCCNJIT,2026-08-12 20:01:24,completed,DỨA,Size M,1,20000,,,0,0,0,20000,Chuyển khoản,DAT,
XRPUVJTASW,2026-08-12 20:01:08,completed,DƯA VÀNG,Size L,1,30000,,,0,0,0,30000,Chuyển khoản,DAT,
RLNRJEVGRR,2026-08-12 18:36:39,completed,DỨA + CAM,Size L,1,25000,,,0,0,0,25000,Chuyển khoản,NDN,
IFWALQXQGP,2026-08-12 18:35:37,completed,CÀ PHÊ SỮA,Size L,1,30000,,,0,0,0,30000,Tiền mặt,NDN,
KCVZSJIRSL,2026-08-12 18:25:46,completed,CÓC + TÁO,Size L,1,30000,,,0,0,0,30000,Tiền mặt,NHUNG,
ITGJRKLNSY,2026-08-12 18:13:55,completed,CAM + CÀ RỐT,Size L,1,30000,,,0,0,0,30000,Chuyển khoản,NHUNG,
BTUZDXQROW,2026-08-12 18:13:55,completed,DƯA HẤU,Size L,1,25000,,,0,0,0,25000,Chuyển khoản,NHUNG,
ZZPLPOYZKG,2026-08-12 17:16:35,completed,DƯA HẤU,Size L,1,25000,,,0,0,0,25000,Tiền mặt,NHUNG,
WOEKDSACSQ,2026-08-12 16:26:42,completed,LỰU,Size L,3,35000,,,0,0,0,105000,Chuyển khoản,NHUNG,
OAOUBHRLDR,2026-08-12 16:26:42,completed,CAM,Size L,2,30000,,,0,0,0,60000,Chuyển khoản,NHUNG,
EMXXZXXAZB,2026-08-12 16:26:42,completed,ỔI + CÓC,Size M,1,0,,,0,0,0,0,Chuyển khoản,NHUNG,
VGHWDTKGVJ,2026-08-12 15:41:18,completed,DƯA HẤU,Size L,1,25000,,,0,0,0,25000,Tiền mặt,NHUNG,
JDONXQBKJY,2026-08-12 15:41:18,completed,DƯA HẤU,Size L,1,20000,,,0,0,0,20000,Tiền mặt,NHUNG,
ACVVQCFFKG,2026-08-12 15:24:16,completed,DỨA,Size L,1,25000,,,0,0,0,25000,Tiền mặt,NHUNG,
UBZHTFZPHW,2026-08-12 15:24:16,completed,DƯA HẤU,Size L,1,25000,,,0,0,0,25000,Tiền mặt,NHUNG,
HKJRTFADAG,2026-08-12 15:11:13,completed,LỰU,Size L,1,35000,,,0,0,0,35000,Chuyển khoản,NHUNG,
YDGMLRAKZC,2026-08-12 14:33:00,completed,LỰU,Size L,1,35000,,,0,0,0,35000,Chuyển khoản,NHUNG,
WQTQJIKLSS,2026-08-12 13:48:23,completed,LỰU,Size L,2,35000,,,0,0,0,70000,Chuyển khoản,NHUNG,
VXDTGXYWHL,2026-08-12 13:22:09,completed,DƯA VÀNG,Size L,1,30000,,,0,0,0,30000,Chuyển khoản,NHUNG,
OTNYPJSOPS,2026-08-12 11:22:39,completed,LỰU,Size L,1,35000,,,0,0,0,35000,Tiền mặt,NDN,
XUDBHSVXQK,2026-08-12 10:46:21,completed,CAM,Size M,1,30000,,,0,0,0,30000,Chuyển khoản,NDN,
USAXMYVQZI,2026-08-12 10:46:21,completed,LỰU,Size M,1,35000,,,0,0,0,35000,Chuyển khoản,NDN,
ESTMUTVOOL,2026-08-12 10:46:21,completed,DƯA HẤU,Size M,1,25000,,,0,0,0,25000,Chuyển khoản,NDN,
FIYSZAHJZR,2026-08-12 10:46:21,completed,DƯA VÀNG,Size M,1,0,,,0,0,0,0,Chuyển khoản,NDN,
JYJSDMJZBW,2026-08-12 10:45:33,completed,DỨA,Size M,1,20000,,,0,0,0,20000,Tiền mặt,NDN,
HOHMZVAKDL,2026-08-12 09:32:43,completed,LÊ,Size M,1,25000,,,0,0,0,25000,Chuyển khoản,NDN,
ELOOKBTYET,2026-08-12 08:43:27,completed,CÀ PHÊ SỮA,Size M,1,25000,,,0,0,0,25000,Tiền mặt,NDN,
CLSFKVRHNT,2026-08-12 08:09:15,completed,CÀ PHÊ SỮA,Size M,1,25000,,,0,0,0,25000,Tiền mặt,NDN,
IXSRBWHFWN,2026-08-11 22:50:13,completed,DƯA VÀNG + TÁO,Size M,1,25000,,,0,0,0,25000,Tiền mặt,DAT,
IDBBGFLNSK,2026-08-11 22:50:13,completed,DỨA,Size M,2,20000,,,0,0,0,40000,Tiền mặt,DAT,
KUXRLOAXXH,2026-08-11 22:50:13,completed,CÀ PHÊ MUỐI,Size M,2,25000,,,0,0,0,50000,Tiền mặt,DAT,
MMLKDUWXYB,2026-08-11 22:50:13,completed,LỰU,Size M,3,30000,,,0,0,0,90000,Tiền mặt,DAT,
QDDSCQWMQT,2026-08-11 22:01:07,completed,CAM,Size M,1,25000,,,0,0,0,25000,Tiền mặt,DAT,
GAZOXZDQNO,2026-08-11 21:08:39,completed,LỰU,Size M,1,30000,,,0,0,0,30000,Tiền mặt,DAT,
YRNBNKTDVV,2026-08-11 21:08:12,completed,ỔI,Size L,1,20000,,,0,0,0,20000,Tiền mặt,DAT,
BTOLOAKXWZ,2026-08-11 21:07:43,completed,TÁO,Size M,1,25000,,,0,0,0,25000,Tiền mặt,DAT,
FOMRYWLJWV,2026-08-11 21:00:58,completed,DƯA VÀNG,Size M,1,25000,,,0,0,0,25000,Tiền mặt,DAT,
VNUKGTPBAI,2026-08-11 20:10:00,completed,DƯA HẤU,Size L,1,20000,,,0,0,0,20000,Tiền mặt,DAT,
TBIYSIFCKW,2026-08-11 19:24:32,completed,DƯA VÀNG,Size M,1,30000,,,0,0,0,30000,Tiền mặt,DAT,
TFZNXIJDPL,2026-08-11 19:24:21,completed,ỔI,Size L,1,20000,,,0,0,0,20000,Tiền mặt,DAT,
HYIUBFZBHL,2026-08-11 19:24:21,completed,DƯA HẤU,Size L,1,20000,,,0,0,0,20000,Tiền mặt,DAT,
FFOZYJEEUQ,2026-08-11 17:13:08,completed,DƯA HẤU,Size M,1,25000,,,0,0,0,25000,Tiền mặt,NHUNG,
VTERZHDHJI,2026-08-11 16:15:41,completed,CÀ PHÊ MUỐI,Size L,1,25000,,,0,0,0,25000,Chuyển khoản,NHUNG,
KNFGYSNUEM,2026-08-11 15:08:10,completed,LỰU,Size M,2,35000,,,0,0,0,70000,Chuyển khoản,NDN,
WWGWHBUYWV,2026-08-11 15:08:10,completed,ỔI + CÓC,Size L,1,30000,,,0,0,0,30000,Chuyển khoản,NDN,
JNRPMNEXZR,2026-08-11 15:08:10,completed,DỨA + TÁO,Size M,1,0,,,0,0,0,0,Chuyển khoản,NDN,
BJKATMCQMW,2026-08-11 14:20:37,completed,CAM,Size L,1,30000,,,0,0,0,30000,Chuyển khoản,NDN,
BGOPSRLYWB,2026-08-11 14:20:17,completed,LỰU,Size L,2,30000,,,0,0,0,60000,Chuyển khoản,NDN,
LLHVURFDYU,2026-08-11 14:20:17,completed,CAM + CÀ RỐT,Size L,1,30000,,,0,0,0,30000,Chuyển khoản,NDN,
FICXLOUWUJ,2026-08-11 14:20:17,completed,LỰU + TÁO,Size L,1,0,,,0,0,0,0,Chuyển khoản,NDN,
APCACGXYOA,2026-08-11 12:26:12,completed,ỔI,Size L,1,25000,,,0,0,0,25000,Tiền mặt,NDN,
WSIYFYDPOK,2026-08-11 12:01:33,completed,LÊ,Size M,1,30000,,,0,0,0,30000,Chuyển khoản,NDN,
FKXCDVDKMZ,2026-08-11 11:11:09,completed,CAM,Size M,1,40000,,,40000,0,0,0,Tiền mặt,NDN,
WAPTYKGLNA,2026-08-11 11:10:31,completed,DỨA,Size L,1,25000,,,0,0,0,25000,Chuyển khoản,NDN,
RQAHNSDJWV,2026-08-11 10:32:28,completed,CAM,Size L,1,30000,,,0,0,0,30000,Chuyển khoản,NDN,
AMNERPRGLB,2026-08-11 09:15:05,completed,CAM,Size M,3,25000,,,0,0,0,75000,Chuyển khoản,NDN,
YUVRDCLLPT,2026-08-11 09:08:22,completed,CÀ PHÊ SỮA,Size M,1,25000,,,0,0,0,25000,Tiền mặt,NDN,
FLAMICNXBF,2026-08-10 21:30:30,completed,CAM,Size M,1,30000,,,0,0,0,30000,Tiền mặt,DAT,
ZAHLMQFUGQ,2026-08-10 21:21:44,completed,LỰU,Size M,2,35000,,,0,0,0,70000,Chuyển khoản,NHUNG,
WNABTXYAHG,2026-08-10 20:36:47,completed,DƯA HẤU,Size M,1,20000,,,0,0,0,20000,Tiền mặt,DAT,
HHUQPZOJTT,2026-08-10 20:36:47,completed,DƯA VÀNG + TÁO,Size M,1,25000,,,0,0,0,25000,Tiền mặt,DAT,
EPPBBRJFRG,2026-08-10 20:25:12,completed,DỨA,Size M,1,20000,,,0,0,0,20000,Tiền mặt,DAT,
WPVEJKFBYT,2026-08-10 20:25:12,completed,ỔI + DỨA,Size L,1,25000,,,0,0,0,25000,Tiền mặt,DAT,
QWIVQFWMFW,2026-08-10 20:24:54,completed,ỔI + CÓC,Size M,1,25000,,,0,0,0,25000,Tiền mặt,DAT,
XKXONPHSZE,2026-08-10 19:57:47,completed,DƯA HẤU,Size M,3,20000,,,0,0,0,60000,Tiền mặt,DAT,
XUFCKOAQLI,2026-08-10 19:57:47,completed,DƯA HẤU,Size L,1,0,,,0,0,0,0,Tiền mặt,DAT,
DUKTRGZHKA,2026-08-10 19:22:35,completed,DƯA HẤU,Size L,1,25000,,,0,0,0,25000,Tiền mặt,DAT,
JOXAJVDNLU,2026-08-10 19:12:39,completed,ỔI,Size L,1,20000,,,0,0,0,20000,Tiền mặt,DAT,
VPMMXCVWOY,2026-08-10 19:12:39,completed,DƯA HẤU,Size L,1,20000,,,0,0,0,20000,Tiền mặt,DAT,
HGRVWQFAHK,2026-08-10 18:45:01,completed,LỰU,Size M,1,30000,,,0,0,0,30000,Tiền mặt,DAT,
BDLXMJSXSN,2026-08-10 18:32:14,completed,DƯA HẤU,Size M,2,25000,,,0,0,0,50000,Tiền mặt,DAT,
OGGWBNQWBX,2026-08-10 18:32:14,completed,DỨA + CAM,Size L,1,30000,,,0,0,0,30000,Tiền mặt,DAT,
PKXGCCEMFM,2026-08-10 18:02:28,completed,LỰU,Size M,1,35000,,,0,0,0,35000,Tiền mặt,DAT,
DODXTEQDSZ,2026-08-10 17:53:54,completed,DƯA HẤU + TÁO,Size M,1,30000,,,0,0,0,30000,Tiền mặt,DAT,
QTQYDYJFHW,2026-08-10 17:30:25,completed,CAM,Size L,1,30000,,,0,0,0,30000,Tiền mặt,DAT,
HHRXCSLFJO,2026-08-10 16:59:42,completed,CAM,Size M,1,25000,,,0,0,0,25000,Tiền mặt,DAT,
VRTDTEMHAO,2026-08-10 16:59:30,completed,DƯA HẤU + TÁO,Size M,1,25000,,,0,0,0,25000,Tiền mặt,DAT,
HJGWDZKDDQ,2026-08-10 16:59:18,completed,CAM,Size L,2,30000,,,0,0,0,60000,Tiền mặt,DAT,
LVOCQDJZCK,2026-08-10 15:57:12,completed,DƯA HẤU,Size L,1,20000,,,0,0,0,20000,Tiền mặt,DAT,
PLSWIKWNSF,2026-08-10 15:57:12,completed,LỰU,Size L,1,30000,,,0,0,0,30000,Tiền mặt,DAT,
PFAVAUXODX,2026-08-10 15:43:57,completed,DỨA + CAM,Size L,3,30000,,,0,0,0,90000,Chuyển khoản,NDN,
QGZPSCAWYM,2026-08-10 15:43:57,completed,DỨA + CAM,Size M,1,0,,,0,0,0,0,Chuyển khoản,NDN,
HSFWOGFNXI,2026-08-10 13:49:40,completed,CAM,Size M,1,25000,,,0,0,0,25000,Chuyển khoản,NDN,
YQSYKPXCRV,2026-08-10 13:04:50,completed,DƯA HẤU,Size M,1,25000,,,0,0,0,25000,Chuyển khoản,NDN,
TQVBYEKUHT,2026-08-10 09:09:37,completed,DƯA VÀNG + TÁO,Size M,1,30000,,,0,0,0,30000,Tiền mặt,NDN,
YRWKIYYORW,2026-08-10 08:44:00,completed,CÀ PHÊ SỮA,Size M,1,30000,,,0,0,0,30000,Chuyển khoản,NDN,
MSESSVDJUF,2026-08-10 08:30:55,completed,DỨA,Size M,1,25000,,,0,0,0,25000,Chuyển khoản,NDN,
UISMZKQXLF,2026-08-10 08:15:27,completed,CÀ PHÊ MUỐI,Size M,1,25000,,,0,0,0,25000,Tiền mặt,NDN,
ZXBUFGZHDM,2026-08-09 22:39:30,completed,DƯA VÀNG,Size M,1,25000,,,0,0,0,25000,Tiền mặt,NDN,
SSQHHZWEHY,2026-08-09 22:39:30,completed,CAM,Size M,1,25000,,,0,0,0,25000,Tiền mặt,NDN,
XAJCAVPLGG,2026-08-09 22:02:18,completed,CÀ PHÊ MUỐI,Size M,1,25000,,,0,0,0,25000,Chuyển khoản,NDN,
KGYALDZXBB,2026-08-09 22:02:18,completed,TÁO + LÊ,Size M,1,25000,,,0,0,0,25000,Chuyển khoản,NDN,
UEHTPJWDUU,2026-08-09 22:02:18,completed,CAM + CÀ RỐT,Size M,1,25000,,,0,0,0,25000,Chuyển khoản,NDN,
AZVKHCKIWG,2026-08-09 22:02:18,completed,CÀ PHÊ ĐEN,Size M,1,0,,,0,0,0,0,Chuyển khoản,NDN,
JPQYRGQDDE,2026-08-09 17:17:07,cancelled,CÀ PHÊ MUỐI,Size M,1,25000,,,0,0,0,25000,Chuyển khoản,NHUNG,
YKRMDJSOWC,2026-08-09 17:17:07,cancelled,TÁO + LÊ,Size M,1,25000,,,0,0,0,25000,Chuyển khoản,NHUNG,
JQVPZYVGEW,2026-08-09 17:17:07,cancelled,CAM + CÀ RỐT,Size M,1,25000,,,0,0,0,25000,Chuyển khoản,NHUNG,
COLVWQGRUG,2026-08-09 17:17:07,cancelled,CÀ PHÊ ĐEN,Size M,1,0,,,0,0,0,0,Chuyển khoản,NHUNG,
TMLIHVQMOP,2026-08-09 18:43:00,cancelled,LỰU,Size M,2,30000,,,0,0,0,60000,Tiền mặt,NDN,
JRNNPGRBVM,2026-08-09 18:43:00,cancelled,DƯA VÀNG + LÊ,Size M,1,25000,,,0,0,0,25000,Tiền mặt,NDN,
XTXXFDHYZD,2026-08-09 18:43:00,cancelled,DƯA VÀNG,Size M,1,0,,,0,0,0,0,Tiền mặt,NDN,
BLEYGZXAUB,2026-08-09 22:00:28,completed,LỰU,Size L,2,30000,,,0,0,0,60000,Tiền mặt,NDN,
QABLBESSED,2026-08-09 22:00:28,completed,DƯA VÀNG + LÊ,Size M,1,25000,,,0,0,0,25000,Tiền mặt,NDN,
HWYGNXUHXV,2026-08-09 22:00:28,completed,DƯA VÀNG,Size M,1,0,,,0,0,0,0,Tiền mặt,NDN,
QDNNQHLVQC,2026-08-09 21:43:56,completed,LỰU,Size M,1,30000,,,0,0,0,30000,Tiền mặt,NDN,
NVTNKYNEPP,2026-08-09 21:37:20,completed,TÁO,Size L,1,25000,,,0,0,0,25000,Chuyển khoản,NDN,
UQHJNRFLVN,2026-08-09 21:34:13,completed,LỰU,Size M,1,30000,,,0,0,0,30000,Tiền mặt,NHUNG,
OIJDQNUUTF,2026-08-09 21:34:13,completed,DƯA VÀNG,Size M,1,25000,,,0,0,0,25000,Tiền mặt,NHUNG,
VAHWHKLQJL,2026-08-09 21:34:13,completed,CÀ PHÊ MUỐI,Size M,1,25000,,,0,0,0,25000,Tiền mặt,NHUNG,
SRDPULHUUX,2026-08-09 21:34:13,completed,DƯA HẤU,Size M,1,0,,,0,0,0,0,Tiền mặt,NHUNG,
TEAVKFOWZY,2026-08-09 20:12:49,completed,CAM,Size L,1,30000,,,0,0,0,30000,Tiền mặt,NDN,
FPFTTSOEEV,2026-08-09 20:12:43,completed,ỔI,Size M,1,20000,,,0,0,0,20000,Tiền mặt,NDN,
PYXQZIQRLT,2026-08-09 19:58:55,completed,CAM,Size M,1,25000,,,0,0,0,25000,Chuyển khoản,NDN,
NVOAHOSAQV,2026-08-09 19:26:43,completed,DƯA HẤU + CAM,Size M,1,25000,,,0,0,0,25000,Tiền mặt,NDN,
DFKKWRIIOC,2026-08-09 18:48:49,completed,CAM,Size M,1,30000,,,0,0,0,30000,Tiền mặt,NDN,
MPTAZCECMF,2026-08-09 18:14:21,cancelled,LỰU,Size L,2,30000,,,0,0,0,60000,Tiền mặt,NHUNG,
TAPMOQHCXX,2026-08-09 18:14:21,cancelled,DƯA VÀNG + LÊ,Size M,1,25000,,,0,0,0,25000,Tiền mặt,NHUNG,
ZIVGUXKVIP,2026-08-09 18:21:33,completed,DƯA HẤU + CAM,Size M,1,25000,,,0,0,0,25000,Chuyển khoản,NHUNG,
OXNRGTGXOV,2026-08-09 18:21:33,completed,DƯA VÀNG + TÁO,Size L,1,25000,,,0,0,0,25000,Chuyển khoản,NHUNG,
WXJPEENVEY,2026-08-09 18:14:30,completed,LỰU,Size L,2,35000,,,0,0,0,70000,Chuyển khoản,NHUNG,
QWEFWBHCXR,2026-08-09 18:03:47,completed,CAM,Size L,1,25000,,,0,0,0,25000,Chuyển khoản,NHUNG,
VVCKPHZKST,2026-08-09 17:15:31,cancelled,CÀ PHÊ MUỐI,Size M,1,25000,,,0,0,0,25000,Chuyển khoản,NHUNG,
VWMSSTHATA,2026-08-09 17:15:31,cancelled,TÁO + LÊ,Size M,1,25000,,,0,0,0,25000,Chuyển khoản,NHUNG,
YXKWRMZRHC,2026-08-09 17:15:31,cancelled,CAM + CÀ RỐT,Size M,1,25000,,,0,0,0,25000,Chuyển khoản,NHUNG,
GTTNCGIPLK,2026-08-09 17:14:36,completed,DƯA HẤU + CAM,Size M,1,30000,,,0,0,0,30000,Tiền mặt,NHUNG,
WQHVHKSRVC,2026-08-09 16:19:13,completed,CÀ PHÊ ĐEN,Size M,1,20000,,,0,0,0,20000,Tiền mặt,NHUNG,
VUDAOMHEBG,2026-08-09 16:19:13,completed,LỰU,Size L,1,30000,,,0,0,0,30000,Tiền mặt,NHUNG,
GXYOXOUGUZ,2026-08-09 16:19:13,completed,DƯA HẤU + TÁO,Size M,1,30000,,,0,0,0,30000,Tiền mặt,NHUNG,
KPYDKYROGK,2026-08-09 15:37:29,completed,DƯA VÀNG + TÁO,Size M,1,30000,,,0,0,0,30000,Tiền mặt,NHUNG,
NHCNRGZAXP,2026-08-09 15:33:35,completed,LỰU + TÁO,Size M,1,35000,,,0,0,0,35000,Chuyển khoản,NHUNG,
XTAKHMAOBZ,2026-08-09 13:52:47,completed,CÀ PHÊ ĐEN,Size L,1,20000,,,0,0,0,20000,Tiền mặt,DAT,
ACPUUSZDVD,2026-08-09 13:47:59,completed,CÀ RỐT,Size L,1,20000,,,0,0,0,20000,Tiền mặt,DAT,
KUWZPTFFYO,2026-08-09 13:47:59,completed,ỔI,Size L,1,20000,,,0,0,0,20000,Tiền mặt,DAT,
BYSIGYQDUW,2026-08-09 13:33:26,completed,ỔI,Size L,2,20000,,,0,0,0,40000,Chuyển khoản,DAT,
CKWFKEOEQW,2026-08-09 11:38:49,completed,CAM,Size M,1,25000,,,0,0,0,25000,Tiền mặt,DAT,
ZZCCHVYTLA,2026-08-09 10:46:00,completed,CAM,Size M,1,30000,,,0,0,0,30000,Tiền mặt,DAT,
TWFQBAYBUW,2026-08-09 10:33:42,completed,CÓC,Size M,3,20000,,,0,0,0,60000,Tiền mặt,DAT,
NMIQFWLDZD,2026-08-09 10:33:42,completed,ỔI,Size L,1,20000,,,0,0,0,20000,Tiền mặt,DAT,
OYPGZFQEWA,2026-08-09 10:33:42,completed,CÓC,Size L,1,0,,,0,0,0,0,Tiền mặt,DAT,
HDIETKFGLH,2026-08-09 09:35:14,completed,DƯA VÀNG + TÁO,Size M,1,30000,,,0,0,0,30000,Tiền mặt,DAT,
SSMOYEIVOJ,2026-08-08 23:11:30,completed,DƯA HẤU,Size L,1,25000,,,0,0,0,25000,Tiền mặt,NHUNG,
ZMPBBYWFJI,2026-08-08 23:11:16,completed,LỰU,Size M,2,35000,,,0,0,0,70000,Chuyển khoản,NHUNG,
OQHHIVIEES,2026-08-08 23:11:06,completed,CAM,Size M,1,30000,,,0,0,0,30000,Tiền mặt,NHUNG,
TCYSXKSHWP,2026-08-08 21:52:31,completed,TÁO + LÊ,Size M,1,25000,,,0,0,0,25000,Tiền mặt,NHUNG,
YAJBFOLUXY,2026-08-08 21:52:31,completed,DƯA HẤU,Size M,1,20000,,,0,0,0,20000,Tiền mặt,NHUNG,
BNGICLIUKK,2026-08-08 20:45:45,completed,ỔI,Size M,1,20000,,,0,0,0,20000,Chuyển khoản,NHUNG,
SFDNAMPRLL,2026-08-08 19:54:40,completed,LỰU,Size L,1,35000,,,0,0,0,35000,Chuyển khoản,NHUNG,
MSOPYBNTIL,2026-08-08 19:03:42,completed,DƯA HẤU,Size L,1,25000,,,0,0,0,25000,Chuyển khoản,NHUNG,
BYBXLRWAOK,2026-08-08 18:58:43,completed,CÓC,Size M,1,20000,,,0,0,0,20000,Chuyển khoản,NHUNG,
PSLGKZGLFJ,2026-08-08 18:23:11,completed,TÁO,Size M,1,30000,,,0,0,0,30000,Chuyển khoản,NHUNG,
ZEYMDDLSCX,2026-08-08 17:27:35,completed,CAM,Size L,1,20000,,,0,0,0,20000,Chuyển khoản,NDN,
GWHKPCXLVX,2026-08-08 17:20:52,completed,DƯA HẤU,Size L,1,20000,,,0,0,0,20000,Tiền mặt,NDN,
SZDHWJDSON,2026-08-08 17:20:52,completed,ỔI,Size L,1,20000,,,0,0,0,20000,Tiền mặt,NDN,
DTAFMOXOOZ,2026-08-08 17:20:52,completed,CÀ RỐT,Size L,1,20000,,,0,0,0,20000,Tiền mặt,NDN,
DKXPZAQHMX,2026-08-08 17:20:52,completed,TÁO,Size M,1,0,,,0,0,0,0,Tiền mặt,NDN,
ATECQVHWSD,2026-08-08 17:02:27,completed,LỰU,Size M,1,35000,,,0,0,0,35000,Tiền mặt,NDN,
VGGDOXGTTS,2026-08-08 17:02:20,completed,LỰU,Size L,1,35000,,,0,0,0,35000,Chuyển khoản,NDN,
JIIYLXCBAG,2026-08-08 15:46:52,completed,CAM,Size M,1,25000,,,25000,0,0,0,Tiền mặt,NHUNG,
UWPTGDVEHA,2026-08-08 15:46:52,completed,DỨA,Size L,1,20000,,,0,0,0,20000,Tiền mặt,NHUNG,
CABWXGSXAW,2026-08-08 15:46:52,completed,ỔI,Size L,1,25000,,,0,0,0,25000,Tiền mặt,NHUNG,
ZHHKCDZAGD,2026-08-08 15:46:52,completed,DƯA HẤU,Size M,1,25000,,,0,0,0,25000,Tiền mặt,NHUNG,
HAXHMJDDDN,2026-08-08 15:25:02,completed,CAM,Size M,1,30000,,,0,0,0,30000,Chuyển khoản,NHUNG,
XULWCSXJVA,2026-08-08 14:20:06,completed,DƯA HẤU,Size M,1,25000,,,0,0,0,25000,Chuyển khoản,NHUNG,
RMFDDBVNQP,2026-08-08 13:44:30,completed,ỔI + DỨA,Size M,1,25000,,,0,0,0,25000,Tiền mặt,DAT,
CYLPKSHGUV,2026-08-08 13:44:30,completed,DƯA HẤU,Size L,1,20000,,,0,0,0,20000,Tiền mặt,DAT,
CAHNBBEOGF,2026-08-08 13:19:36,completed,DƯA HẤU,Size L,2,25000,,,0,0,0,50000,Tiền mặt,DAT,
ASIYRPKQIT,2026-08-08 12:22:31,completed,DƯA HẤU,Size L,1,20000,,,0,0,0,20000,Tiền mặt,DAT,
NBYSPOTDGS,2026-08-08 12:22:31,completed,DỨA,Size L,1,25000,,,0,0,0,25000,Tiền mặt,DAT,
ZANVIVDDFR,2026-08-08 11:19:33,completed,TÁO,Size M,1,30000,,,0,0,0,30000,Tiền mặt,DAT,
CBOEPZCSPU,2026-08-08 10:16:42,completed,CÀ PHÊ MUỐI,Size M,1,25000,,,0,0,0,25000,Tiền mặt,DAT,
DFZWWCYCGI,2026-08-08 09:21:23,completed,CÀ PHÊ MUỐI,Size M,1,25000,,,0,0,0,25000,Tiền mặt,DAT,
OTXSFXGEAR,2026-08-08 08:48:25,completed,CÀ PHÊ SỮA,Size M,1,25000,,,0,0,0,25000,Tiền mặt,DAT,
WXBUWWMTKV,2026-08-07 21:41:09,completed,ỔI,Size M,2,20000,,,0,0,0,40000,Tiền mặt,NHUNG,
IOEEJLKULU,2026-08-07 21:32:30,completed,DƯA VÀNG,Size L,1,30000,,,0,0,0,30000,Chuyển khoản,NHUNG,
TCYTLTIXCC,2026-08-07 21:18:27,completed,DƯA HẤU,Size L,2,25000,,,0,0,0,50000,Chuyển khoản,NHUNG,
NTYHYEYEUE,2026-08-07 21:10:18,completed,DƯA VÀNG + LÊ,Size L,1,30000,,,0,0,0,30000,Tiền mặt,NHUNG,
FCFUAUFSZA,2026-08-07 20:25:05,completed,LỰU,Size L,1,40000,,,0,0,0,40000,Chuyển khoản,NHUNG,
DIJUENBEOW,2026-08-07 14:54:33,completed,DỨA + TÁO,Size L,1,25000,,,0,0,0,25000,Chuyển khoản,NHUNG,
QOBPOHOWWQ,2026-08-07 14:54:33,completed,DỨA,Size M,1,20000,,,0,0,0,20000,Chuyển khoản,NHUNG,
OPEMBVLNSB,2026-08-07 14:54:12,completed,LỰU,Size L,2,35000,,,0,0,0,70000,Tiền mặt,NHUNG,
COSOBDJYGX,2026-08-07 14:54:12,completed,CÀ PHÊ MUỐI,Size M,1,25000,,,0,0,0,25000,Tiền mặt,NHUNG,
WEOGUCJCEV,2026-08-07 14:54:12,completed,DƯA HẤU,Size M,1,20000,,,20000,0,0,0,Tiền mặt,NHUNG,
XPDNMXCSPK,2026-08-07 14:17:56,completed,ỔI + TÁO,Size M,3,25000,,,0,0,0,75000,Chuyển khoản,NHUNG,
UXPMCYAOIN,2026-08-07 14:15:37,completed,LỰU,Size L,1,40000,,,0,0,0,40000,Chuyển khoản,NHUNG,
HHBCHUDGNF,2026-08-07 10:44:04,completed,CÀ PHÊ MUỐI,Size M,1,25000,,,0,0,0,25000,Tiền mặt,DAT,
WHVYUCPSQF,2026-08-07 10:44:04,completed,CAM,Size M,1,25000,,,0,0,0,25000,Tiền mặt,DAT,
NFAMLCBUID,2026-08-06 22:54:38,completed,CAM,Size M,1,25000,,,0,0,0,25000,Tiền mặt,DAT,
TBTHKHXWEV,2026-08-06 22:08:08,completed,CAM + CÀ RỐT,Size M,1,25000,,,0,0,0,25000,Tiền mặt,DAT,
YIJTYTVZUY,2026-08-06 20:18:21,completed,ỔI,Size M,1,20000,,,0,0,0,20000,Tiền mặt,DAT,
UNOTIRYTOO,2026-08-06 19:56:07,completed,DỨA,Size M,1,20000,,,0,0,0,20000,Tiền mặt,DAT,
DOITGESDIZ,2026-08-06 18:13:51,completed,DƯA HẤU,Size M,2,20000,,,0,0,0,40000,Chuyển khoản,NHUNG,
XHTDYSMFEA,2026-08-06 18:10:27,completed,LỰU,Size M,2,35000,,,0,0,0,70000,Chuyển khoản,NDN,
KYGTDVDQIK,2026-08-06 18:10:20,completed,CÀ PHÊ MUỐI,Size M,1,25000,,,0,0,0,25000,Chuyển khoản,NDN,
DEFJNQUZJU,2026-08-06 14:36:28,completed,CÀ PHÊ MUỐI,Size M,1,25000,,,0,0,0,25000,Tiền mặt,NDN,
NTVMLHCOUI,2026-08-06 14:15:20,completed,CAM,Size M,1,25000,,,0,0,0,25000,Tiền mặt,NDN,
PSNFMTCPFC,2026-08-06 12:27:25,completed,DƯA HẤU,Size M,1,20000,,,0,0,0,20000,Chuyển khoản,NDN,
PAXRZNTUCL,2026-08-06 11:44:15,completed,ỔI,Size M,1,20000,,,0,0,0,20000,Tiền mặt,NDN,
XKKRCLTQVN,2026-08-06 11:37:10,completed,DƯA HẤU,Size M,1,20000,,,0,0,0,20000,Tiền mặt,NDN,
ITBDIEOZZK,2026-08-05 15:54:52,completed,ỔI + CÓC,Size M,1,25000,,,0,0,0,25000,Tiền mặt,NDN,
RSQYABUEWS,2026-08-05 14:30:14,cancelled,LỰU,Size M,1,35000,,,0,0,0,35000,Chuyển khoản,NHUNG,
ZISNJDZCZV,2026-08-05 14:30:09,completed,LỰU,Size M,1,35000,,,0,0,0,35000,Tiền mặt,DAT,
KEHQKNMJQT,2026-08-05 13:06:56,completed,LỰU,Size M,2,35000,,,0,0,0,70000,Tiền mặt,DAT,
XHXPTBVVGP,2026-08-05 13:06:56,completed,DƯA VÀNG,Size M,1,25000,,,0,0,0,25000,Tiền mặt,DAT,
WTXJNIVQRM,2026-08-05 13:06:56,completed,DƯA VÀNG,Size M,1,0,,,0,0,0,0,Tiền mặt,DAT,
NPJRMWOUDO,2026-08-05 12:28:26,completed,DỨA,Size M,1,20000,,,0,0,0,20000,Tiền mặt,DAT,
NZEIUAAKWH,2026-08-05 12:28:26,completed,ỔI,Size M,1,20000,,,0,0,0,20000,Tiền mặt,DAT,
ACVVVWXWCW,2026-08-05 12:20:46,completed,CAM,Size M,1,25000,,,0,0,0,25000,Tiền mặt,DAT,
MDNQSCZMWU,2026-08-05 11:59:10,completed,DỨA,Size M,1,20000,,,0,0,0,20000,Tiền mặt,DAT,
YSCCIMXUST,2026-08-05 11:10:15,completed,DƯA HẤU,Size M,1,20000,,,0,0,0,20000,Tiền mặt,DAT,
EHBEQJBXFK,2026-08-05 09:59:56,completed,CÀ PHÊ MUỐI,Size M,1,25000,,,0,0,0,25000,Tiền mặt,DAT,
EKGNVQTVKH,2026-08-05 09:56:18,completed,CÀ PHÊ MUỐI,Size M,1,25000,,,0,0,0,25000,Tiền mặt,DAT,
BVTVFEEJAZ,2026-08-05 09:56:09,completed,CÀ PHÊ SỮA,Size M,1,25000,,,0,0,0,25000,Tiền mặt,DAT,
YMMEQULIOW,2026-08-05 09:27:46,completed,CÀ PHÊ ĐEN,Size M,1,20000,,,0,0,0,20000,Tiền mặt,DAT,
NVXVPQLZZI,2026-08-04 21:58:52,completed,CÀ PHÊ SỮA,Size M,1,25000,,,0,0,0,25000,Chuyển khoản,NDN,
FSAPTISZQJ,2026-08-04 20:55:44,completed,DƯA HẤU,Size M,1,20000,,,0,0,0,20000,Tiền mặt,NDN,
HZEGQONXQB,2026-08-04 19:54:42,completed,DƯA HẤU,Size M,1,20000,,,0,0,0,20000,Tiền mặt,NHUNG,
FZQZIPAOYX,2026-08-04 19:54:42,completed,DỨA + CAM,Size M,1,25000,,,0,0,0,25000,Tiền mặt,NHUNG,
HNSEWUBGMT,2026-08-04 19:27:52,completed,DƯA HẤU,Size M,1,20000,,,0,0,0,20000,Tiền mặt,NDN,
NWXDWBVRBT,2026-08-04 19:27:52,completed,DỨA,Size M,1,20000,,,0,0,0,20000,Tiền mặt,NDN,
QUSAMITVXS,2026-08-04 18:26:02,completed,CÀ PHÊ MUỐI,Size M,1,25000,,,0,0,0,25000,Tiền mặt,NDN,
IGFXYMQXXA,2026-08-04 16:30:15,completed,CÀ PHÊ MUỐI,Size M,1,25000,,,0,0,0,25000,Tiền mặt,NDN,
OOYYIRGFHN,2026-08-04 16:30:10,completed,CÀ PHÊ MUỐI,Size M,1,25000,,,0,0,0,25000,Chuyển khoản,NDN,
RJKVUWYISC,2026-08-04 14:26:27,completed,DƯA HẤU,Size M,3,20000,,,0,0,0,60000,Tiền mặt,DAT,
CVVQCXGNBC,2026-08-04 14:26:27,completed,DƯA HẤU,Size M,1,0,,,0,0,0,0,Tiền mặt,DAT,
EAMFMKFVLI,2026-08-04 12:46:30,completed,CAM,Size M,1,25000,,,0,0,0,25000,Tiền mặt,DAT,
HUQUHUAFTS,2026-08-04 12:45:44,completed,ỔI,Size M,1,20000,,,0,0,0,20000,Tiền mặt,DAT,
RYDGVQPUQC,2026-08-04 10:02:40,completed,DỨA,Size M,1,20000,,,0,0,0,20000,Tiền mặt,DAT,
GMKJGZUDUB,2026-08-04 09:51:50,completed,CÀ PHÊ SỮA,Size M,1,25000,,,0,0,0,25000,Tiền mặt,DAT,
LFDBHXDUZI,2026-08-04 09:51:44,completed,CAM + CÀ RỐT,Size M,1,25000,,,0,0,0,25000,Tiền mặt,DAT,
KWDQAPSDLW,2026-08-03 20:31:56,completed,DƯA VÀNG,Size M,1,25000,,,0,0,0,25000,Chuyển khoản,NHUNG,
MYHWXUYVGS,2026-08-03 20:29:08,completed,DƯA HẤU,Size M,2,20000,,,0,0,0,40000,Chuyển khoản,NHUNG,
ZOFOIGLCIK,2026-08-03 20:28:29,completed,LÊ,Size M,1,25000,,,0,0,0,25000,Chuyển khoản,NHUNG,
QKBJVCMUHS,2026-08-03 20:19:07,completed,DƯA HẤU + CAM,Size M,1,25000,,,0,0,0,25000,Chuyển khoản,NHUNG,
EMPMNZIKDS,2026-08-03 19:02:17,completed,DƯA VÀNG,Size M,1,25000,,,0,0,0,25000,Chuyển khoản,NHUNG,
OIHVKEDHCU,2026-08-03 17:29:18,completed,LỰU,Size M,1,35000,,,0,0,0,35000,Chuyển khoản,NHUNG,
LOYTALYQCK,2026-08-03 17:10:50,completed,LỰU,Size M,2,35000,,,0,0,0,70000,Chuyển khoản,NHUNG,
QQCANIOBOW,2026-08-03 17:10:50,completed,CÀ PHÊ SỮA,Size M,1,25000,,,0,0,0,25000,Chuyển khoản,NHUNG,
XDCRYXFCTG,2026-08-03 14:14:18,completed,CÀ PHÊ SỮA,Size M,1,25000,,,0,0,0,25000,Tiền mặt,DAT,
LWFWKNLIYL,2026-08-03 14:08:00,completed,CAM + CÀ RỐT,Size M,1,25000,,,0,0,0,25000,Tiền mặt,DAT,
NEDOSZUIKI,2026-08-03 13:13:50,completed,CÀ PHÊ MUỐI,Size M,1,25000,,,0,0,0,25000,Tiền mặt,DAT,
XSLGXUMPNF,2026-08-03 11:43:09,completed,CÀ PHÊ SỮA,Size M,1,25000,,,0,0,0,25000,Tiền mặt,DAT,
HWONOSRPTK,2026-08-03 11:43:09,completed,DƯA VÀNG,Size M,1,25000,,,0,0,0,25000,Tiền mặt,DAT,
HTIXRNNUVT,2026-08-03 10:46:04,completed,DƯA VÀNG,Size M,2,25000,,,0,0,0,50000,Tiền mặt,DAT,
SNQHGIRREJ,2026-08-02 20:53:51,completed,DƯA HẤU,Size M,1,20000,,,0,0,0,20000,Chuyển khoản,NHUNG,
NRBKVFMLIX,2026-08-02 20:06:19,completed,LỰU + CAM,Size M,1,35000,,,0,0,0,35000,Chuyển khoản,NHUNG,
ASKYQPVEHL,2026-08-02 19:58:48,completed,ỔI + CÓC,Size M,1,25000,,,0,0,0,25000,Chuyển khoản,NHUNG,
ANQNTPTSVQ,2026-08-02 19:07:40,completed,CAM,Size M,1,25000,,,0,0,0,25000,Chuyển khoản,NDN,
UGELGHRAHA,2026-08-02 19:07:19,completed,DƯA HẤU,Size M,1,20000,,,0,0,0,20000,Chuyển khoản,NDN,
DHEYKOFTWS,2026-08-02 19:07:19,completed,DỨA,Size M,1,20000,,,0,0,0,20000,Chuyển khoản,NDN,
WXIQVJKGNE,2026-08-02 19:07:19,completed,CAM,Size M,1,25000,,,0,0,0,25000,Chuyển khoản,NDN,
TBVNMLMXHS,2026-08-02 19:07:19,completed,CÀ PHÊ MUỐI,Size M,1,25000,,,25000,0,0,0,Chuyển khoản,NDN,
TYOZPPKXUZ,2026-08-02 18:39:02,cancelled,DƯA HẤU,Size M,1,20000,,,0,0,0,20000,Tiền mặt,NDN,
CJUSAJAQTY,2026-08-02 18:04:32,completed,DƯA VÀNG,Size M,1,25000,,,0,0,0,25000,Chuyển khoản,NHUNG,
HAUMANZAUQ,2026-08-02 18:04:32,completed,LÊ,Size M,1,25000,,,25000,0,0,0,Chuyển khoản,NHUNG,
TOGPOBGMJW,2026-08-02 18:04:32,completed,DƯA HẤU,Size M,1,20000,,,0,0,0,20000,Chuyển khoản,NHUNG,
KQUGYCOAXU,2026-08-02 18:04:32,completed,CAM,Size M,1,25000,,,0,0,0,25000,Chuyển khoản,NHUNG,
FDIBZNSGDB,2026-08-02 13:18:06,completed,DỨA + TÁO,Size M,1,25000,,,0,0,0,25000,Chuyển khoản,NHUNG,
MXDXDPCYZX,2026-08-02 12:34:36,completed,DƯA VÀNG,Size M,1,25000,,,0,0,0,25000,Chuyển khoản,NHUNG,
AKGOZCMIVG,2026-08-02 12:34:36,completed,LÊ,Size M,1,25000,,,0,0,0,25000,Chuyển khoản,NHUNG,
CLUOVZGNLD,2026-08-02 12:34:36,completed,ỔI + CÓC,Size M,1,25000,,,25000,0,0,0,Chuyển khoản,NHUNG,
TIMQRGKPVK,2026-08-02 12:34:36,completed,DỨA,Size M,1,20000,,,0,0,0,20000,Chuyển khoản,NHUNG,
MZBVXUUEKF,2026-08-02 12:33:14,completed,CÀ PHÊ MUỐI,Size M,2,25000,,,0,0,0,50000,Tiền mặt,NHUNG,
RYELPDAYEY,2026-08-02 10:27:27,completed,CÀ PHÊ SỮA,Size M,2,25000,,,0,0,0,50000,Tiền mặt,NHUNG,
RIVHAAAMBL,2026-08-02 10:27:27,completed,DƯA HẤU + TÁO,Size M,2,25000,,,12500,0,0,25000,Tiền mặt,NHUNG,
ROWDAVZCQF,2026-08-01 22:12:27,completed,CAM + CÀ RỐT,Size M,1,25000,,,0,0,0,25000,Chuyển khoản,NDN,
HELSZLXRQO,2026-08-01 21:53:20,completed,DỨA + CAM,Size M,1,25000,,,0,0,0,25000,Chuyển khoản,NHUNG,
THZZIUOBZR,2026-08-01 21:53:20,completed,DƯA VÀNG + TÁO,Size M,1,25000,,,0,0,0,25000,Chuyển khoản,NHUNG,
XHABRBPBMF,2026-08-01 21:40:57,completed,ỔI + CÓC,Size M,2,25000,,,0,0,0,50000,Chuyển khoản,NHUNG,
CHBRLWXBSD,2026-08-01 21:40:57,completed,DỨA + CAM,Size M,1,25000,,,0,0,0,25000,Chuyển khoản,NHUNG,
WCTSHRDONC,2026-08-01 21:40:57,completed,ỔI + DỨA,Size M,1,25000,,,25000,0,0,0,Chuyển khoản,NHUNG,
OMXIRURKNJ,2026-08-01 21:40:34,completed,DƯA HẤU,Size M,1,20000,,,0,0,0,20000,Chuyển khoản,NHUNG,
NMIAUUWKVT,2026-08-01 21:40:28,completed,ỔI + CÓC,Size M,1,25000,,,0,0,0,25000,Chuyển khoản,NHUNG,
NLTBTEOMTO,2026-08-01 20:37:06,completed,LÊ,Size M,2,25000,,,0,0,0,50000,Chuyển khoản,NHUNG,
KJNHULABRC,2026-08-01 20:22:09,completed,DƯA VÀNG + TÁO,Size M,1,25000,,,0,0,0,25000,Chuyển khoản,NHUNG,
FHWIYPDZRA,2026-08-01 19:37:33,completed,CÀ PHÊ ĐEN,Size M,1,20000,,,0,0,0,20000,Chuyển khoản,NHUNG,
ZHQVFIBSOT,2026-08-01 19:06:59,completed,LỰU,Size M,1,35000,,,0,0,0,35000,Chuyển khoản,NHUNG,
CVOIVEWMTJ,2026-08-01 19:06:59,completed,ỔI + CÓC,Size M,2,25000,,,0,0,0,50000,Chuyển khoản,NHUNG,
TKIUKNKGMJ,2026-08-01 19:06:59,completed,CAM + CÀ RỐT,Size M,2,25000,,,0,0,0,50000,Chuyển khoản,NHUNG,
LMBJHIFDOO,2026-08-01 19:06:59,completed,DƯA VÀNG,Size M,3,25000,,,0,0,0,75000,Chuyển khoản,NHUNG,
VKVPBVWNFG,2026-08-01 19:06:59,completed,ỔI,Size M,1,20000,,,0,0,0,20000,Chuyển khoản,NHUNG,
YYPXTKJQQR,2026-08-01 19:06:59,completed,DƯA HẤU,Size M,3,20000,,,20000,0,0,0,Chuyển khoản,NHUNG,
KCKGJXXEJN,2026-08-01 19:06:59,completed,CÓC + TÁO,Size M,1,25000,,,0,0,0,25000,Chuyển khoản,NHUNG,
GPOCGLRKHM,2026-08-01 16:40:49,completed,CAM,Size M,1,25000,,,0,0,0,25000,Chuyển khoản,NHUNG,
PSEAUWEBNS,2026-08-01 16:40:49,completed,CÀ PHÊ SỮA,Size M,1,25000,,,0,0,0,25000,Chuyển khoản,NHUNG,
KELPMWMAAC,2026-08-01 16:15:00,completed,ỔI,Size M,1,20000,,,0,0,0,20000,Tiền mặt,NHUNG,
MJJWEEEMMA,2026-08-01 16:15:00,completed,DỨA,Size M,1,20000,,,0,0,0,20000,Tiền mặt,NHUNG,
CZMIRARXNJ,2026-08-01 16:05:31,completed,LỰU,Size M,1,35000,,,0,0,0,35000,Tiền mặt,NHUNG,
QTUIQAUKLX,2026-08-01 15:33:12,completed,CÀ PHÊ MUỐI,Size M,1,25000,,,0,0,0,25000,Tiền mặt,NHUNG,
GPMZQJTJSE,2026-08-01 13:32:22,completed,CÀ PHÊ SỮA,Size M,1,25000,,,0,0,0,25000,Tiền mặt,NHUNG,
EXGWQSKWJV,2026-08-01 13:16:31,completed,LỰU,Size M,1,35000,,,0,0,0,35000,Chuyển khoản,NHUNG,
FJKBMBBVPI,2026-08-01 13:16:31,completed,CÀ PHÊ SỮA,Size M,1,25000,,,0,0,0,25000,Chuyển khoản,NHUNG,
RQDQMJQUBZ,2026-07-31 21:57:45,completed,CAM,Size M,1,25000,,,0,0,0,25000,Tiền mặt,NHUNG,
TDPWUFXCPW,2026-07-31 21:56:54,completed,DƯA HẤU,Size M,1,20000,,,0,0,0,20000,Chuyển khoản,NHUNG,
TCKDCPSOJK,2026-07-31 21:56:54,completed,DỨA,Size M,1,20000,,,0,0,0,20000,Chuyển khoản,NHUNG,
HBIWZIALRH,2026-07-31 21:27:25,completed,CÓC + TÁO,Size M,1,25000,,,0,0,0,25000,Chuyển khoản,NDN,
GFBSLWVTPL,2026-07-31 21:27:25,completed,LỰU,Size M,1,35000,,,0,0,0,35000,Chuyển khoản,NDN,
BYOZYFXSWM,2026-07-31 20:43:53,completed,LỰU,Size M,1,35000,,,0,0,0,35000,Chuyển khoản,NHUNG,
BEMWNQYDGL,2026-07-31 20:43:45,completed,CÀ PHÊ SỮA,Size M,1,25000,,,0,0,0,25000,Chuyển khoản,NHUNG,
KDBVTYXJIF,2026-07-31 20:41:53,completed,DƯA HẤU,Size M,1,20000,,,0,0,0,20000,Chuyển khoản,NDN,
JLGWBSHIYG,2026-07-31 20:41:53,completed,ỔI + DỨA,Size M,1,25000,,,0,0,0,25000,Chuyển khoản,NDN,
CERPHXHCCI,2026-07-31 20:41:53,completed,DƯA VÀNG,Size M,1,25000,,,25000,0,0,0,Chuyển khoản,NDN,
CTGNSHQCSJ,2026-07-31 20:41:53,completed,ỔI,Size M,1,20000,,,0,0,0,20000,Chuyển khoản,NDN,
UHMPAQQSYI,2026-07-31 20:21:05,completed,CÀ PHÊ SỮA,Size M,1,25000,,,0,0,0,25000,Chuyển khoản,NDN,
LPEMVDBGGT,2026-07-31 19:52:02,completed,CÀ PHÊ ĐEN,Size M,1,20000,,,0,0,0,20000,Tiền mặt,NHUNG,
PNECGSHUUS,2026-07-31 19:31:53,completed,CAM,Size M,1,25000,,,0,0,0,25000,Chuyển khoản,NHUNG,
JRDZEDQNSY,2026-07-31 18:25:11,completed,ỔI,Size M,1,20000,,,0,0,0,20000,Chuyển khoản,NHUNG,
VJTNMJQFDI,2026-07-31 18:25:11,completed,DƯA HẤU,Size M,2,20000,,,0,0,0,40000,Chuyển khoản,NHUNG,
WFTOHAECKF,2026-07-31 18:25:11,completed,CAM,Size M,1,25000,,,25000,0,0,0,Chuyển khoản,NHUNG,
IFUVSSJJTC,2026-07-31 15:17:03,completed,DƯA HẤU,Size M,1,20000,,,0,0,0,20000,Chuyển khoản,NHUNG,
OCTXETSDPT,2026-07-31 13:42:51,completed,ỔI,Size M,1,20000,,,0,0,0,20000,Chuyển khoản,NHUNG,
ACRAJBPRIZ,2026-07-31 13:03:50,completed,CAM,Size M,1,25000,,,0,0,0,25000,Tiền mặt,NHUNG,
VJYZSQMYAF,2026-07-31 13:03:50,completed,CÀ PHÊ MUỐI,Size M,1,25000,,,0,0,0,25000,Tiền mặt,NHUNG,
JIFHIUMLKP,2026-07-31 11:16:24,completed,CAM,Size M,4,25000,,,6200,0,0,75200,Chuyển khoản,NHUNG,
WNVDLQPKMR,2026-07-31 11:13:29,completed,DƯA HẤU,Size M,1,20000,,,0,0,0,20000,Chuyển khoản,NHUNG,
PZAFQYWGIZ,2026-07-31 11:13:29,completed,CAM + TÁO,Size M,1,25000,,,0,0,0,25000,Chuyển khoản,NHUNG,
HAWCSSPCKZ,2026-07-31 11:13:29,completed,DƯA VÀNG,Size M,1,25000,,,0,0,0,25000,Chuyển khoản,NHUNG,
ROJZNWYTPP,2026-07-31 11:13:29,completed,DỨA,Size M,1,20000,,,0,0,0,20000,Chuyển khoản,NHUNG,
RTJGQHHTOZ,2026-07-31 09:23:21,completed,CÀ PHÊ MUỐI,Size M,1,25000,,,0,0,0,25000,Tiền mặt,NHUNG,
TZGTYWVCQQ,2026-07-30 15:44:25,completed,CÀ PHÊ SỮA,Size M,1,25000,,,0,0,0,25000,Chuyển khoản,NHUNG,
FEGLUZRRSX,2026-07-30 12:19:56,completed,DỨA,Size M,1,20000,,,0,0,0,20000,Chuyển khoản,NHUNG,
CGFPTYMXFK,2026-07-30 12:19:56,completed,CÀ PHÊ SỮA,Size M,1,25000,,,0,0,0,25000,Chuyển khoản,NHUNG,
RGKEEFXPKK,2026-07-29 22:00:07,completed,CÀ PHÊ SỮA,Size M,1,25000,,,0,0,0,25000,Tiền mặt,NHUNG,
JEKUDKTDZR,2026-07-29 21:41:38,completed,DƯA HẤU,Size M,1,20000,,,0,0,0,20000,Chuyển khoản,NHUNG,
UOQDAZHCNK,2026-07-29 21:41:38,completed,DƯA VÀNG,Size M,1,25000,,,0,0,0,25000,Chuyển khoản,NHUNG,
ZUNPOCZNHH,2026-07-29 21:04:43,completed,CÀ PHÊ SỮA,Size M,2,25000,,,0,0,0,50000,Tiền mặt,NHUNG,
IDFSLKBJPJ,2026-07-29 21:04:24,completed,ỔI + DỨA,Size M,1,25000,,,0,0,0,25000,Tiền mặt,NHUNG,
GXTPROASCR,2026-07-29 20:46:57,completed,CAM,Size M,1,25000,,,0,0,0,25000,Tiền mặt,NHUNG,
JJRHMVMURG,2026-07-29 19:57:26,completed,CAM,Size M,1,25000,,,0,0,0,25000,Chuyển khoản,NHUNG,
VKDBVXUDZG,2026-07-29 19:27:32,completed,DƯA HẤU,Size M,1,40000,,,0,0,0,40000,Chuyển khoản,NDN,
UTSHYFBWJY,2026-07-29 19:27:32,completed,CAM,Size M,1,40000,,,0,0,0,40000,Chuyển khoản,NDN,
CNVEUZDNSL,2026-07-29 19:27:32,completed,ỔI,Size M,1,40000,,,0,0,0,40000,Chuyển khoản,NDN,
BUGPSHTQXQ,2026-07-29 13:27:02,cancelled,DƯA HẤU,Size M,2,20000,,,0,0,0,40000,Chuyển khoản,NHUNG,
URWIJDLAKL,2026-07-29 13:27:02,cancelled,CAM,Size M,2,20000,,,0,0,0,40000,Chuyển khoản,NHUNG,
MMEAANKGBX,2026-07-29 13:27:02,cancelled,ỔI,Size M,2,20000,,,0,0,0,40000,Chuyển khoản,NHUNG,
ICRPCDEDVH,2026-07-29 19:24:00,completed,DỨA + CÀ RỐT,Size M,1,25000,,,0,0,0,25000,Chuyển khoản,NDN,
MOUBIIELEJ,2026-07-29 18:39:42,completed,DƯA HẤU,Size M,3,20000,,,0,0,0,60000,Chuyển khoản,NHUNG,
AQCXMAYGGG,2026-08-29 18:22:02,completed,ỔI + CÓC,Size M,1,25000,,,0,0,0,25000,Chuyển khoản,NHUNG,
DGFAALTAYA,2026-07-29 18:22:02,completed,DỨA + CAM,Size M,1,25000,,,0,0,0,25000,Chuyển khoản,NHUNG,
BYFZFKIGOE,2026-07-29 18:01:30,completed,ỔI + DỨA,Size M,1,25000,,,0,0,0,25000,Chuyển khoản,NDN,
XNTOCLJRFR,2026-07-29 17:58:06,completed,DƯA HẤU,Size M,1,20000,,,0,0,0,20000,Chuyển khoản,NDN,
HSTAUOMAFX,2026-07-29 16:15:41,completed,DƯA HẤU + CAM,Size M,2,25000,,,0,0,0,50000,Chuyển khoản,NHUNG,
PMEMPWDDRJ,2026-07-29 16:15:41,completed,CÀ PHÊ SỮA,Size M,2,25000,,,12500,0,0,25000,Chuyển khoản,NHUNG,
ENEBDFQUUC,2026-07-29 15:15:13,completed,CÀ PHÊ MUỐI,Size M,1,25000,,,0,0,0,25000,Chuyển khoản,NHUNG,
HNXHEZCVPE,2026-07-29 15:15:13,completed,DƯA HẤU,Size M,1,20000,,,0,0,0,20000,Chuyển khoản,NHUNG,
FUYXXEMEFT,2026-07-29 14:12:59,completed,DƯA VÀNG,Size M,2,27500,,,0,0,0,55000,Chuyển khoản,NHUNG,
IJQIDAFWHA,2026-07-29 14:11:44,completed,CAM,Size M,1,25000,,,0,0,0,25000,Chuyển khoản,NHUNG,
LDIRGKFQYQ,2026-07-28 21:29:42,completed,CAM,Size M,1,25000,,,0,0,0,25000,Chuyển khoản,NHUNG,
TAFKUAJTTJ,2026-07-28 21:29:42,completed,CÀ RỐT,Size M,1,20000,,,0,0,0,20000,Chuyển khoản,NHUNG,
LUUZDSVNUE,2026-07-28 21:29:42,completed,LÊ,Size M,1,25000,,,20000,0,0,5000,Chuyển khoản,NHUNG,
WBPRPYGCFH,2026-07-28 21:29:42,completed,DỨA,Size M,1,20000,,,0,0,0,20000,Chuyển khoản,NHUNG,
VDPAFQHVQD,2026-07-28 19:57:41,completed,CAM,Size M,1,25000,,,0,0,0,25000,Chuyển khoản,NHUNG,
EZCYWCUTKT,2026-07-28 19:05:02,completed,ỔI + DỨA,Size M,1,25000,,,0,0,0,25000,Chuyển khoản,NHUNG,
PLQFBQQFDX,2026-07-28 18:29:04,completed,DƯA HẤU,Size M,2,20000,,,0,0,0,40000,Tiền mặt,NHUNG,
FGBTNOCLSQ,2026-07-28 14:15:08,completed,CÀ PHÊ MUỐI,Size M,1,25000,,,0,0,0,25000,Chuyển khoản,NHUNG,
PYKUDTBPHS,2026-07-28 11:47:44,completed,CÀ PHÊ MUỐI,Size M,2,25000,,,0,0,0,50000,Chuyển khoản,NHUNG,
TOHBOFWCXC,2026-07-28 11:47:44,completed,CAM,Size M,1,25000,,,0,0,0,25000,Chuyển khoản,NHUNG,
JIDFMXDOCH,2026-07-27 19:52:24,completed,CÀ PHÊ MUỐI,Size M,1,25000,,,0,0,0,25000,Chuyển khoản,NHUNG,
NPLXZBVDFU,2026-07-27 19:52:24,completed,DƯA VÀNG,Size M,1,25000,,,0,0,0,25000,Chuyển khoản,NHUNG,
UOTYOUHSVA,2026-07-27 19:52:24,completed,ỔI + CÓC,Size M,1,25000,,,25000,0,0,0,Chuyển khoản,NHUNG,
KOIPJDFJBA,2026-07-27 19:52:24,completed,DƯA HẤU,Size M,1,20000,,,0,0,0,20000,Chuyển khoản,NHUNG,
WGRMZYDDIG,2026-07-27 18:26:00,completed,DƯA HẤU + TÁO,Size M,1,25000,,,0,0,0,25000,Chuyển khoản,NHUNG,
KCTUQDPRXE,2026-07-27 17:39:17,completed,DƯA HẤU,Size M,1,20000,,,0,0,0,20000,Tiền mặt,NHUNG,
EUURAKPYLR,2026-07-27 13:38:47,completed,DƯA HẤU,Size M,1,20000,,,0,0,0,20000,Tiền mặt,NHUNG,
TOLHKYFKCU,2026-07-27 13:38:47,completed,ỔI,Size M,1,20000,,,0,0,0,20000,Tiền mặt,NHUNG,
CLLTRZQIIP,2026-07-27 13:38:39,completed,CÀ PHÊ SỮA,Size M,1,25000,,,0,0,0,25000,Tiền mặt,NHUNG,
FVDVMNKVLZ,2026-07-27 10:28:22,completed,DƯA HẤU,Size M,1,20000,,,0,0,0,20000,Tiền mặt,NHUNG,
FXEMERHFWY,2026-07-26 22:11:34,completed,DƯA HẤU + CAM,Size M,1,25000,,,0,0,0,25000,Tiền mặt,NHUNG,
KEXTZOGIVN,2026-07-26 22:11:34,completed,LÊ,Size M,1,25000,,,0,0,0,25000,Tiền mặt,NHUNG,
MFBKKMLNKL,2026-07-26 21:22:55,completed,CAM,Size M,1,25000,,,0,0,0,25000,Chuyển khoản,NHUNG,
NXXAXKOHSW,2026-07-26 18:15:08,completed,DƯA VÀNG,Size M,1,25000,,,0,0,0,25000,Chuyển khoản,NHUNG,
PQJVFMSTKW,2026-07-26 18:15:08,completed,ỔI,Size M,1,20000,,,0,0,0,20000,Chuyển khoản,NHUNG,
RPASBPFOGD,2026-07-26 18:03:26,completed,CÀ PHÊ MUỐI,Size M,1,25000,,,0,0,0,25000,Tiền mặt,NHUNG,
PYRIKEFNKF,2026-07-26 17:51:57,completed,TÁO + LÊ,Size M,1,25000,,,0,0,0,25000,Tiền mặt,NHUNG,
QFIZRDSJOC,2026-07-26 17:51:57,completed,DƯA HẤU + CAM,Size M,1,25000,,,0,0,0,25000,Tiền mặt,NHUNG,
UXZQEZRLCJ,2026-07-26 14:40:13,completed,CÀ PHÊ SỮA,Size M,1,25000,,,0,0,0,25000,Tiền mặt,NHUNG,
VPSVDOQCLS,2026-07-26 14:26:22,completed,CAM,Size M,1,25000,,,0,0,0,25000,Chuyển khoản,NHUNG,
LQGLCBSBFB,2026-07-26 14:26:22,completed,TÁO + LÊ,Size M,2,25000,,,0,0,0,50000,Chuyển khoản,NHUNG,
OBLHYZEQGS,2026-07-26 14:26:22,completed,DỨA + TÁO,Size M,1,25000,,,0,0,0,25000,Chuyển khoản,NHUNG,
WJKENJWIPE,2026-07-26 13:45:04,completed,CÀ PHÊ SỮA,Size M,1,25000,,,0,0,0,25000,Tiền mặt,NHUNG,
VATZHLTGIJ,2026-07-26 13:45:04,completed,CAM,Size M,2,25000,,,12500,0,0,25000,Tiền mặt,NHUNG,
UFGGEAZTND,2026-07-26 13:45:04,completed,CAM + CÀ RỐT,Size M,1,25000,,,0,0,0,25000,Tiền mặt,NHUNG,
BPVQEJYAOL,2026-07-26 13:45:04,completed,DỨA,Size M,1,20000,,,0,0,0,20000,Tiền mặt,NHUNG,
POBBQWBMBQ,2026-07-25 21:28:14,completed,DƯA HẤU + CAM,Size M,1,25000,,,0,0,0,25000,Tiền mặt,NHUNG,
IQNLNXTCSY,2026-07-25 20:20:26,completed,CÀ PHÊ MUỐI,Size M,1,25000,,,0,0,0,25000,Chuyển khoản,NHUNG,
VMVGADEFUD,2026-07-25 18:28:30,completed,DƯA HẤU + TÁO,Size M,2,25000,,,0,0,0,50000,Chuyển khoản,NHUNG,
HSPIOBUSOS,2026-07-25 18:28:30,completed,DỨA + CAM,Size M,1,25000,,,0,0,0,25000,Chuyển khoản,NHUNG,
ZPFIHQZNOR,2026-07-25 18:28:30,completed,CAM,Size M,1,25000,,,0,0,0,25000,Chuyển khoản,NHUNG,
HQWVYTIKQG,2026-07-25 18:28:30,completed,ỔI + DỨA,Size M,1,25000,,,0,0,0,25000,Chuyển khoản,NHUNG,
GFFINXVOHK,2026-07-25 18:28:30,completed,DƯA VÀNG + LÊ,Size M,1,25000,,,25000,0,0,0,Chuyển khoản,NHUNG,
MUSEOZVDYJ,2026-07-25 17:56:10,completed,ỔI + CÓC,Size M,1,25000,,,0,0,0,25000,Chuyển khoản,NHUNG,
VRELWSFPTN,2026-07-25 15:23:50,completed,DƯA HẤU,Size M,1,20000,,,0,0,0,20000,Chuyển khoản,NHUNG,
MRWMFFRIQI,2026-07-25 13:47:36,completed,CAM,Size M,1,25000,,,0,0,0,25000,Tiền mặt,NHUNG,
LUNQWIUTCX,2026-07-25 13:47:36,completed,ỔI,Size M,1,20000,,,0,0,0,20000,Tiền mặt,NHUNG,
DFFDJVOMPN,2026-07-25 13:17:23,completed,CÀ PHÊ SỮA,Size M,1,25000,,,0,0,0,25000,Chuyển khoản,NHUNG,
UGJJQKCGJN,2026-07-24 19:55:25,completed,CAM,Size M,1,25000,,,0,0,0,25000,Chuyển khoản,NDN,
GGLEMOZKEE,2026-07-24 18:46:54,completed,CAM,Size M,1,25000,,,0,0,0,25000,Chuyển khoản,NHUNG,
NLWTGKZNNS,2026-07-24 18:08:48,completed,TÁO + LÊ,Size M,1,25000,,,0,0,0,25000,Chuyển khoản,NHUNG,
FSGNFUBGFJ,2026-07-24 15:44:52,completed,DƯA HẤU,Size M,2,20000,,,0,0,0,40000,Tiền mặt,NHUNG,
YWPBVSMOMK,2026-07-24 15:33:09,completed,CÀ PHÊ MUỐI,Size M,1,25000,,,0,0,0,25000,Tiền mặt,NHUNG,
TDAKEHEDXV,2026-07-24 15:33:09,completed,TÁO + LÊ,Size M,1,25000,,,0,0,0,25000,Tiền mặt,NHUNG,
RTVVXXQZOQ,2026-07-24 12:31:53,completed,CÀ PHÊ MUỐI,Size M,1,25000,,,0,0,0,25000,Chuyển khoản,NHUNG,
AILOEXZVYH,2026-07-24 12:31:53,completed,CÀ PHÊ SỮA,Size M,1,25000,,,0,0,0,25000,Chuyển khoản,NHUNG,
RHZQAKUVQS,2026-07-24 12:31:53,completed,DƯA VÀNG + LÊ,Size M,1,25000,,,0,0,0,25000,Chuyển khoản,NHUNG,
FDNVLWFWZO,2026-07-23 20:30:28,completed,CÀ PHÊ SỮA,Size M,1,25000,,,0,0,0,25000,Chuyển khoản,NDN,
SEGRGQAPMO,2026-07-23 20:30:28,completed,DƯA VÀNG,Size M,1,25000,,,0,0,0,25000,Chuyển khoản,NDN,
FUTUGTFXTW,2026-07-23 18:40:04,completed,DƯA HẤU,Size M,1,20000,,,0,0,0,20000,Tiền mặt,NHUNG,
LROPCTGONX,2026-07-23 18:07:18,completed,ỔI + DỨA,Size M,1,25000,,,0,0,0,25000,Tiền mặt,NHUNG,
XTWSMLSOEJ,2026-07-23 18:05:05,completed,CÀ PHÊ MUỐI,Size M,1,25000,,,0,0,0,25000,Tiền mặt,NHUNG,
DXBYOHOHDY,2026-07-23 17:36:39,completed,CÀ PHÊ MUỐI,Size M,1,25000,,,0,0,0,25000,Tiền mặt,NDN,
EFRZJREVRO,2026-07-23 17:35:55,completed,ỔI,Size M,1,20000,,,0,0,0,20000,Tiền mặt,NDN,
SVHBBQNTHQ,2026-07-23 17:35:55,completed,DƯA HẤU,Size M,1,20000,,,0,0,0,20000,Tiền mặt,NDN,
JMZGJFCSGC,2026-07-23 17:35:55,completed,DƯA VÀNG,Size M,1,25000,,,0,0,0,25000,Tiền mặt,NDN,
DKWJITGQHV,2026-07-23 17:35:55,completed,CAM,Size M,1,0,,,0,0,0,0,Tiền mặt,NDN,
ABGQUMHONI,2026-07-23 17:35:20,completed,DƯA HẤU,Size M,1,20000,,,0,0,0,20000,Tiền mặt,NDN,
NYQMBCFYYT,2026-07-23 17:33:21,completed,DỨA,Size M,1,20000,,,0,0,0,20000,Tiền mặt,NDN,
CALQHLOARA,2026-07-23 14:59:02,completed,CAM + CÀ RỐT,Size M,1,25000,,,0,0,0,25000,Tiền mặt,NHUNG,
VVRCPIIAMU,2026-07-23 14:59:02,completed,ỔI + DỨA,Size M,1,25000,,,0,0,0,25000,Tiền mặt,NHUNG,
PBAOIQTKWA,2026-07-23 12:02:23,completed,ỔI,Size M,1,20000,,,0,0,0,20000,Tiền mặt,NDN,
RTCAAOZQSO,2026-07-23 12:02:23,completed,DƯA HẤU,Size M,1,20000,,,0,0,0,20000,Tiền mặt,NDN,
FIUFOIEZKY,2026-07-23 12:02:23,completed,CAM + CÀ RỐT,Size M,1,25000,,,0,0,0,25000,Tiền mặt,NDN,
NREOYBZOBT,2026-07-23 12:02:23,completed,DỨA + CAM,Size M,1,0,,,0,0,0,0,Tiền mặt,NDN,
HBHDTNKSSU,2026-07-23 12:00:56,completed,DỨA,Size M,3,20000,,,0,0,0,60000,Tiền mặt,NDN,
RVWOORUNTH,2026-07-23 12:00:56,completed,ỔI,Size M,1,20000,,,0,0,0,20000,Tiền mặt,NDN,
UGDIJJDZOY,2026-07-22 19:05:58,completed,CÀ PHÊ SỮA,Size M,1,25000,,,0,0,0,25000,Chuyển khoản,NHUNG,
STCRWSJYLX,2026-07-22 18:25:05,completed,DỨA,Size M,1,20000,,,0,0,0,20000,Chuyển khoản,NHUNG,
PJOWUPGRYW,2026-07-22 17:52:53,completed,CAM,Size M,1,25000,,,0,0,0,25000,Tiền mặt,NDN,
FLNWQJVVMH,2026-07-22 17:15:26,completed,CÀ PHÊ MUỐI,Size M,2,25000,,,0,0,0,50000,Tiền mặt,NHUNG,
PKTZNOYVNM,2026-07-22 16:38:10,completed,CÀ PHÊ MUỐI,Size M,1,25000,,,0,0,0,25000,Tiền mặt,NDN,
JYWTYIHATV,2026-07-22 16:35:37,completed,DỨA + CAM,Size M,1,25000,,,0,0,0,25000,Chuyển khoản,NHUNG,
MIMUDAFLYN,2026-07-22 15:39:02,completed,CÀ PHÊ MUỐI,Size M,1,25000,,,0,0,0,25000,Tiền mặt,NDN,
YEZLYIIDZQ,2026-07-22 15:39:02,completed,CÀ PHÊ SỮA,Size M,1,25000,,,0,0,0,25000,Tiền mặt,NDN,
KMPDXYEBOT,2026-07-22 15:38:39,completed,DỨA,Size M,2,20000,,,0,0,0,40000,Tiền mặt,NDN,
CWRMIDPUVA,2026-07-22 15:38:39,completed,DỨA + CAM,Size M,1,25000,,,0,0,0,25000,Tiền mặt,NDN,
TMZTORDRRV,2026-07-22 15:38:39,completed,CAM,Size M,1,0,,,0,0,0,0,Tiền mặt,NDN,
IEAWVJEMTP,2026-07-22 15:37:30,completed,CÀ PHÊ MUỐI,Size M,1,25000,,,0,0,0,25000,Tiền mặt,NDN,
FONUZHSOJO,2026-07-21 02:59:32,completed,ỔI,Size M,1,20000,,,0,0,0,20000,Tiền mặt,NDN,
CAGXBNQMPF,2026-07-21 02:59:32,completed,ỔI + DỨA,Size M,2,25000,,,0,0,0,50000,Tiền mặt,NDN,
JRCNZQSYTY,2026-07-21 02:59:32,completed,DỨA + CAM,Size M,2,25000,,,0,0,0,50000,Tiền mặt,NDN,
QVEJJAQUEB,2026-07-21 02:59:32,completed,DƯA HẤU + CAM,Size M,2,25000,,,0,0,0,50000,Tiền mặt,NDN,
SIYUSGGQTA,2026-07-21 02:59:32,completed,DỨA,Size M,4,20000,,,0,0,0,80000,Tiền mặt,NDN,
QHZTMMSZHL,2026-07-21 02:59:32,completed,CAM,Size M,3,25000,,,0,0,0,75000,Tiền mặt,NDN,
GQTAMGEXXP,2026-07-21 02:59:32,completed,DƯA HẤU,Size M,1,20000,,,0,0,0,20000,Tiền mặt,NDN,
AREGORKJVE,2026-07-20 02:57:11,completed,DƯA VÀNG + TÁO,Size M,1,25000,,,0,0,0,25000,Tiền mặt,NDN,
QQLNYDRVQJ,2026-07-20 02:57:11,completed,CÀ PHÊ MUỐI,Size M,1,25000,,,0,0,0,25000,Tiền mặt,NDN,
FGETHPHIHE,2026-07-20 02:57:11,completed,DƯA HẤU,Size M,1,20000,,,0,0,0,20000,Tiền mặt,NDN,
QJEVRRQKFY,2026-07-20 02:57:11,completed,DỨA,Size M,3,20000,,,0,0,0,60000,Tiền mặt,NDN,
LDWTHRRQKT,2026-07-20 02:57:11,completed,ỔI,Size M,1,20000,,,0,0,0,20000,Tiền mặt,NDN,
ZXICOIZEOI,2026-07-20 02:57:11,completed,TÁO + LÊ,Size M,1,25000,,,0,0,0,25000,Tiền mặt,NDN,
EBPUELXLBW,2026-07-20 02:57:11,completed,ỔI + DỨA,Size M,3,25000,,,0,0,0,75000,Tiền mặt,NDN,
WWDFURTKRQ,2026-07-20 02:57:11,completed,DỨA + CAM,Size M,1,25000,,,0,0,0,25000,Tiền mặt,NDN,
CGYWVPWITQ,2026-07-20 02:57:11,completed,CAM + CÀ RỐT,Size M,2,25000,,,0,0,0,50000,Tiền mặt,NDN,
MCSDEIQHKV,2026-07-20 02:57:11,completed,CAM,Size M,1,25000,,,0,0,0,25000,Tiền mặt,NDN,
KZMVDHURON,2026-07-20 02:54:56,completed,ỔI,Size M,2,20000,,,0,0,0,40000,Tiền mặt,NDN,
HMFFIVWHZE,2026-07-20 02:54:56,completed,LÊ,Size M,1,25000,,,0,0,0,25000,Tiền mặt,NDN,
GZBCKUFPGW,2026-07-20 02:54:56,completed,ỔI + DỨA,Size M,1,25000,,,0,0,0,25000,Tiền mặt,NDN,
ILXEUHOYPA,2026-07-20 02:54:56,completed,DỨA,Size M,1,20000,,,0,0,0,20000,Tiền mặt,NDN,
ZOYRJPXRJS,2026-07-20 02:54:56,completed,CAM,Size M,1,25000,,,0,0,0,25000,Tiền mặt,NDN,
RUUIACTLUJ,2026-07-20 02:54:56,completed,CÀ PHÊ MUỐI,Size M,3,25000,,,0,0,0,75000,Tiền mặt,NDN,
CSUTBMEVUI,2026-07-20 02:54:56,completed,CÀ PHÊ ĐEN,Size M,1,20000,,,0,0,0,20000,Tiền mặt,NDN,
DJXKNMSXCU,2026-07-20 02:54:56,completed,DỨA + CAM,Size M,1,25000,,,0,0,0,25000,Tiền mặt,NDN,
ZEVLCLHNXN,2026-07-19 02:53:36,completed,DỨA,Size M,1,20000,,,0,0,0,20000,Tiền mặt,NDN,
DAPUGIIRAF,2026-07-19 02:53:36,completed,DƯA VÀNG,Size M,1,25000,,,0,0,0,25000,Tiền mặt,NDN,
EVCOWBLPUI,2026-07-19 02:53:36,completed,TÁO + LÊ,Size M,1,25000,,,0,0,0,25000,Tiền mặt,NDN,
YFMLQIUUSE,2026-07-19 02:53:36,completed,CAM,Size M,1,25000,,,0,0,0,25000,Tiền mặt,NDN,
VGQPBSSEEO,2026-07-19 02:53:36,completed,DỨA + CAM,Size M,2,25000,,,0,0,0,50000,Tiền mặt,NDN,
MFANEPYGFY,2026-07-19 02:53:36,completed,CAM + CÀ RỐT,Size M,1,25000,,,0,0,0,25000,Tiền mặt,NDN,
AJUUZSHIMH,2026-07-19 02:53:36,completed,DƯA HẤU,Size M,4,20000,,,0,0,0,80000,Tiền mặt,NDN,
DPOKABOBXV,2026-07-19 02:53:36,completed,DƯA VÀNG + TÁO,Size M,1,25000,,,0,0,0,25000,Tiền mặt,NDN,
OYXFKPDHRP,2026-07-19 02:53:36,completed,CÀ PHÊ SỮA,Size M,1,25000,,,0,0,0,25000,Tiền mặt,NDN,
KOQEKXAKHI,2026-07-19 02:53:36,completed,CÀ PHÊ MUỐI,Size M,4,25000,,,0,0,0,100000,Tiền mặt,NDN,
