Thời Gian (YYYY-MM-DD HH:MM),Loại (Thu/Chi) (*),Danh Mục Thu Chi (*),Số Tiền (*),Nguồn Tiền (Tiền mặt/Chuyển khoản) (*),Người Thực Hiện,Ghi Chú
2026-08-18 15:44,Chi,Chi phí nhập hàng," 220,000 ",Tiền mặt,NDN,1 thùng lựu móng tự
2026-08-18 15:44,Chi,Chi phí nhập hàng," 10,000 ",Tiền mặt,NDN,1 túi đá
2026-08-18 15:43,Chi,Chi phí nhập hàng," 120,000 ",Tiền mặt,NDN,10 quả dứa (12k/quả)
2026-08-18 09:11,Chi,Chi phí nhập hàng," 92,000 ",Tiền mặt,NDN,Đá ống hút
2026-08-17 10:41,Chi,Chi phí nhập hàng," 652,000 ",Tiền mặt,NDN,"5,4kg ổi 105k (20k/kg)
4,3kg cóc 63k (15k/kg)
7 quả dứa 90k (13k/quả)
2 dvang 164k (25k/kg)
1 thùng lựu móng tự 230k"
2026-08-17 10:41,Chi,Chi phí nhập hàng," 18,000 ",Tiền mặt,NDN,2 túi đá
2026-08-16 14:05,Chi,Chi phí nhập hàng," 438,000 ",Tiền mặt,NDN,3 túi bột milk foam và 1 hộp sữa béo
2026-08-16 14:04,Chi,Chi phí nhập hàng," 20,000 ",Tiền mặt,NDN,2 túi đá
2026-08-15 17:25,Chi,Chi phí nhập hàng," 220,000 ",Tiền mặt,NDN,cốt cf
2026-08-15 16:44,Chi,Chi phí nhập hàng," 10,000 ",Tiền mặt,NDN,1 túi đá
2026-08-15 16:42,Chi,Chi phí nhập hàng," 787,000 ",Tiền mặt,NDN,"Nhập 2 thùng lựu, 1 túi cóc, 1 túi dưa hấu"
2026-08-15 08:11,Chi,Chi phí nhập hàng," 18,000 ",Tiền mặt,NDN,2 túi đá
2026-08-14 21:43,Chi,"Thiết bị, dụng cụ, phần mềm"," 154,000 ",Tiền mặt,NDN,
2026-08-14 15:27,Chi,Chi phí nhập hàng," 212,000 ",Tiền mặt,NDN,"4,89kg 112k lựu (23k/kg)
2,8kg ổi 50k (18k/kg)
7 quả dứa 70k (10k/quả)"
2026-08-14 15:26,Chi,Chi phí nhập hàng," 43,000 ",Tiền mặt,NDN,"1 Túi rác to loại 15k
1 túi xiên que"
2026-08-14 12:33,Chi,Chi phí nhập hàng," 40,000 ",Tiền mặt,NDN,phí ship hoa quả
2026-08-14 12:17,Chi,Chi phí nhập hàng," 481,000 ",Tiền mặt,NDN,lựu dưa hấu
2026-08-13 20:31,Chi,Tiền đá viên," 10,000 ",Tiền mặt,NDN,
2026-08-13 19:23,Chi,Chi phí nhập hàng," 75,000 ",Tiền mặt,NDN,dưa vàng
2026-08-13 19:23,Chi,Chi phí nhập hàng," 64,000 ",Tiền mặt,NDN,dưa hấu
2026-08-13 10:59,Chi,Chi phí nhập hàng," 20,000 ",Tiền mặt,NDN,2 túi đá
2026-08-13 10:46,Chi,"Điện, nước, internet"," 880,000 ",Tiền mặt,NDN,Điện nước t7
2026-08-12 20:46,Chi,Tiền đá viên," 10,000 ",Tiền mặt,NDN,
2026-08-12 18:46,Chi,Chi phí nhập hàng," 187,000 ",Tiền mặt,NDN,"cốc nhựa, nắp, ống hút"
2026-08-12 18:38,Chi,Chi phí nhập hàng," 240,000 ",Tiền mặt,NDN,1 thùng táo đỏ 11kg
2026-08-12 18:37,Chi,Chi phí nhập hàng," 321,000 ",Tiền mặt,NDN,"4,4 kg carot 53k (12k/kg)
7k ớt
4kg ổi 85k (22k/kg)
8 quả dứa 12k/quả 96k
500g muối 45k 
cốc nhựa + củ bát 35k"
2026-08-12 18:20,Chi,Chi phí nhập hàng," 65,000 ",Tiền mặt,NDN,1 hộp sữa đặc
2026-08-12 08:09,Chi,Chi phí nhập hàng," 10,000 ",Tiền mặt,NDN,1 túi đá
2026-08-11 20:00,Chi,Chi phí nhập hàng," 200,000 ",Tiền mặt,NDN,lê xanh
2026-08-11 17:52,Chi,Chi phí nhập hàng," 470,000 ",Tiền mặt,NDN,lựu+ cam
2026-08-11 08:28,Chi,Chi phí nhập hàng," 90,000 ",Tiền mặt,NDN,"8 quả dứa nhỏ 70k (9k/quả)
2 túi đá"
2026-08-10 22:45,Chi,Tiền đá viên," 10,000 ",Tiền mặt,NDN,
2026-08-10 15:58,Chi,Chi phí nhập hàng," 10,000 ",Tiền mặt,NDN,1 túi đá
2026-08-10 10:26,Chi,Chi phí nhập hàng," 170,000 ",Tiền mặt,NDN,5 túi đường
2026-08-10 08:13,Chi,Chi phí nhập hàng," 178,000 ",Tiền mặt,NDN,"1 túi đá
2,7kg cóc 40k (15k/kg)
5 quả dứa 65k (13k/quả)
3,1kg ổi 63k (20k/kg)"
2026-08-09 20:53,Chi,Chi phí nhập hàng," 10,000 ",Tiền mặt,NDN,1 túi đá
2026-08-09 14:32,Chi,Chi phí nhập hàng," 98,000 ",Tiền mặt,NDN,"Táo đỏ 25k/1kg (2,4kg=60k)
Lê 20k/1kg 
(1,3kg=26k)
Cà rốt 10k/1kg
(1,2kg=12k) 
Nhập hàng 98k"
2026-08-09 09:34,Chi,Tiền đá viên," 10,000 ",Tiền mặt,NDN,
2026-08-09 00:20,Chi,Chi phí nhập hàng," 370,000 ",Tiền mặt,NDN,"Cam 220k/19kg
Dưa vàng 150k/3 quả"
2026-08-08 18:07,Chi,Chi phí nhập hàng," 10,000 ",Tiền mặt,NDN,1 túi đá
2026-08-08 09:17,Chi,Tiền đá viên," 10,000 ",Tiền mặt,NDN,
2026-08-07 16:37,Chi,Chi phí nhập hàng," 620,000 ",Tiền mặt,NDN,"lựu, dưa hấu"
2026-08-07 14:55,Chi,Chi phí nhập hàng," 10,000 ",Tiền mặt,NDN,1 túi đá
2026-08-07 09:48,Chi,Chi phí nhập hàng," 93,000 ",Tiền mặt,NDN,táo
2026-08-07 09:48,Chi,Chi phí nhập hàng," 80,000 ",Tiền mặt,NDN,cam
2026-08-07 09:47,Chi,Chi phí nhập hàng," 75,000 ",Tiền mặt,NDN,dứa
2026-08-06 18:25,Chi,Chi phí nhập hàng," 220,000 ",Tiền mặt,NDN,cốt cf
2026-08-05 08:41,Chi,Tiền đá viên," 10,000 ",Tiền mặt,NDN,
2026-08-04 15:09,Chi,Chi phí nhập hàng," 68,000 ",Tiền mặt,NDN,"2 quả dưa hấu 7,1kg (9,5k/kg)"
2026-08-04 13:15,Chi,Chi phí nhập hàng," 387,000 ",Tiền mặt,NDN,Tem dán cốc
2026-08-04 08:41,Chi,Tiền đá viên," 10,000 ",Tiền mặt,NDN,
2026-08-03 19:45,Chi,Chi phí nhập hàng," 10,000 ",Tiền mặt,NDN,1 túi đá bi
2026-08-03 08:18,Chi,Tiền đá viên," 10,000 ",Tiền mặt,NDN,
2026-08-02 15:13,Chi,Chi phí nhập hàng," 88,000 ",Tiền mặt,NDN,"crot, dưa vàng"
2026-08-02 08:20,Chi,Tiền đá viên," 10,000 ",Tiền mặt,NDN,
2026-08-02 00:24,Chi,Chi phí nhập hàng," 72,000 ",Tiền mặt,NDN,2 gói đường 1kg
2026-08-02 00:19,Chi,Chi phí nhập hàng," 586,000 ",Tiền mặt,NDN,"Ổi 10ki, lựu8ki  cam5ki cóc 1.8ki "
2026-08-01 19:52,Chi,Chi phí nhập hàng," 157,000 ",Tiền mặt,NDN,"Nhập hàng 1/8/2026
5 dứa 50k (10k/quả)
8 ổi 3,2kg 58k (18k/kg)
1 Dưa hấu 4kg 49k (12k/kg)"
2026-08-01 00:25,Chi,Chi phí nhập hàng," 20,000 ",Tiền mặt,NDN,2 túi đá nhỏ
2026-07-31 17:53,Chi,Chi phí nhập hàng," 70,000 ",Tiền mặt,NDN,"4,2kg cam (17k/kg)"
2026-07-30 15:48,Chi,Chi phí nhập hàng," 282,000 ",Tiền mặt,NDN,"cóc 1,4kg 22k (15k/kg)
Ổi 1,8kg 36k (20k/kg)
Cam 4kg 80k (20k/kg)
Lựu 2,8kg 84k (30k/kg)
Dưa hấu 3,8kg 60k (16k/kg)"
2026-07-30 01:57,Chi,Chi phí nhập hàng," 220,000 ",Tiền mặt,NDN,2 chai cốt cà phê
2026-07-30 00:26,Chi,Chi phí nhập hàng," 10,000 ",Tiền mặt,NDN,1 túi đá to
2026-07-29 18:46,Chi,Chi phí nhập hàng," 80,000 ",Tiền mặt,NDN,dưa hấu
2026-07-29 15:21,Chi,Chi phí nhập hàng," 177,000 ",Tiền mặt,NDN,"dưa vàng, cà rốt, dứa"
2026-07-27 14:18,Chi,"Thiết bị, dụng cụ, phần mềm"," 156,000 ",Tiền mặt,NDN,ly nhựa
2026-07-27 10:27,Chi,Chi phí nhập hàng," 20,000 ",Tiền mặt,NDN,Đá
2026-07-27 10:27,Chi,Chi phí nhập hàng," 219,000 ",Tiền mặt,NDN,hoa quả
2026-07-26 16:07,Chi,Chi phí nhập hàng," 20,000 ",Tiền mặt,NDN,Đá
2026-07-24 14:55,Chi,Chi phí nhập hàng," 199,000 ",Tiền mặt,NDN,"Dưa vàng 66k (20k/kg)
Ổi 45k (20k/kg)
Cóc 20k (15k/kg)
Dưa hấu 68k (16k/kg)"
2026-07-24 12:32,Chi,Chi phí nhập hàng," 12,000 ",Tiền mặt,NDN,Đá
2026-07-23 16:22,Chi,"Thiết bị, dụng cụ, phần mềm"," 160,000 ",Tiền mặt,NDN,Bàn nhựa
2026-07-23 15:56,Chi,Chi phí nhập hàng," 80,000 ",Tiền mặt,NDN,2 hộp sữa đặc Vinamilk
2026-07-23 15:19,Chi,Chi phí nhập hàng," 382,000 ",Tiền mặt,NDN,2 gói cà phê Robusta Mr.Phin 500g
2026-07-22 17:54,Chi,Chi phí nhập hàng," 369,000 ",Tiền mặt,NDN,3 gói bột Milk foam muối 500g
2026-07-22 15:37,Chi,"Thiết bị, dụng cụ, phần mềm"," 175,000 ",Tiền mặt,NDN,Ấm siêu tốc
2026-07-22 15:36,Chi,Chi phí nhập hàng," 10,000 ",Tiền mặt,NDN,Nước đá
2026-07-22 15:35,Chi,Chi phí nhập hàng," 90,000 ",Tiền mặt,NDN,Cốt cafe
2026-07-22 15:35,Chi,Chi phí nhập hàng," 93,500 ",Tiền mặt,NDN,"11 quả dứa (8,5k/quả)"
2026-07-22 15:34,Chi,Chi phí nhập hàng," 12,000 ",Tiền mặt,NDN,Nước đá
2026-07-22 15:33,Chi,Chi phí nhập hàng," 90,000 ",Tiền mặt,NDN,5kg cam (18k/kg)
2026-07-22 02:24,Chi,"Thiết bị, dụng cụ, phần mềm"," 154,000 ",Tiền mặt,NDN,"Xô rác , giẻ rửa bát , giẻ lau chén .... "
2026-07-22 02:20,Chi,"Thiết bị, dụng cụ, phần mềm"," 132,000 ",Tiền mặt,NDN,Máy tạo bọt
2026-07-22 02:15,Chi,"Thiết bị, dụng cụ, phần mềm"," 533,000 ",Tiền mặt,NDN,"Găng tay, chậu, nước lau sàn, giẻ máy, khăn,..."
2026-07-21 02:37,Chi,Chi phí nhập hàng," 80,000 ",Tiền mặt,NDN,10 quả dứa (8k/quả)
2026-07-21 02:36,Chi,Chi phí nhập hàng," 80,000 ",Tiền mặt,NDN,"4kg cam (2,32kg 18k/kg và 2,05kg 21k/kg)"
2026-07-21 02:35,Chi,Chi phí nhập hàng," 12,000 ",Tiền mặt,NDN,Nước đá
2026-07-21 02:35,Chi,Chi phí nhập hàng," 52,000 ",Tiền mặt,NDN,2kg ổi (26k/kg)
2026-07-21 02:34,Chi,Chi phí nhập hàng," 50,000 ",Tiền mặt,NDN,2kg táo
2026-07-21 02:34,Chi,Chi phí nhập hàng," 49,000 ",Tiền mặt,NDN,1 quả dưa hấu
2026-07-21 02:33,Chi,Chi phí nhập hàng," 56,000 ",Tiền mặt,NDN,7 quả dứa (8k/quả)
2026-07-21 02:32,Chi,Chi phí nhập hàng," 39,000 ",Tiền mặt,NDN,"2,6 kg cam"
2026-07-20 02:31,Chi,Chi phí nhập hàng," 10,000 ",Tiền mặt,NDN,Nước đá
2026-07-20 02:30,Chi,Chi phí nhập hàng," 50,000 ",Tiền mặt,NDN,5 quả dứa (10k/quả)
2026-07-20 02:30,Chi,Chi phí nhập hàng," 12,000 ",Tiền mặt,NDN,Nước đá
2026-07-19 02:25,Chi,Chi phí marketing," 1,200,000 ",Tiền mặt,NDN,Phí mở sàn ShopeeFood
2026-07-19 02:25,Chi,"Thiết bị, dụng cụ, phần mềm"," 350,000 ",Tiền mặt,NDN,2 ổ cắm điện
2026-07-19 02:24,Chi,"Thiết bị, dụng cụ, phần mềm"," 32,000 ",Tiền mặt,NDN,"Túi đá, gọt hoa quả"
2026-07-19 02:23,Chi,"Thiết bị, dụng cụ, phần mềm"," 840,000 ",Tiền mặt,NDN,Quạt
2026-07-18 02:22,Chi,Chi phí marketing," 150,000 ",Tiền mặt,NDN,Phí tham gia đăng bài trên nhóm Chợ Định Công
2026-07-18 02:21,Chi,"Thiết bị, dụng cụ, phần mềm"," 720,000 ",Tiền mặt,NDN,"Bàn, ghế, hốt rác: 1 bàn nhựa, 6 ghế nhựa, 1 ghế nhựa có tựa, 1 hốt rác cán dài"
2026-07-18 02:21,Chi,"Thiết bị, dụng cụ, phần mềm"," 117,000 ",Tiền mặt,NDN,Thớt vuông + ca đong
2026-07-18 02:21,Chi,"Thiết bị, dụng cụ, phần mềm"," 145,000 ",Tiền mặt,NDN,Cân tiểu ly
2026-07-18 02:19,Chi,"Thiết bị, dụng cụ, phần mềm"," 148,000 ",Tiền mặt,NDN,"Bình đựng siro, ca đong..."
2026-07-18 02:19,Chi,"Thiết bị, dụng cụ, phần mềm"," 387,000 ",Tiền mặt,NDN,Thùng đá
2026-07-18 02:18,Chi,Chi phí nhập hàng," 140,000 ",Tiền mặt,NDN,Bột Milk foam muối
2026-07-18 02:17,Chi,"Thiết bị, dụng cụ, phần mềm"," 155,000 ",Tiền mặt,NDN,Máy đánh trứng cầm tay
2026-07-18 02:16,Chi,"Thiết bị, dụng cụ, phần mềm"," 4,200,000 ",Tiền mặt,NDN,1 tủ mát Alaska 450L
2026-07-18 02:09,Chi,"Thiết bị, dụng cụ, phần mềm"," 4,000,000 ",Tiền mặt,NDN,Biển hiệu chính (2tr7)+ biển hiệu vẫy (1tr) + Phí ship 300k
2026-07-17 02:14,Chi,"Thiết bị, dụng cụ, phần mềm"," 379,000 ",Tiền mặt,NDN,"Cốc nhựa, ống hút, túi takeway, giấy..."
2026-07-17 02:09,Chi,"Thiết bị, dụng cụ, phần mềm"," 5,500,000 ",Tiền mặt,NDN,Xe bán hàng lưu động
2026-07-13 02:13,Chi,"Thiết bị, dụng cụ, phần mềm"," 1,920,000 ",Tiền mặt,NDN,Chậu rửa bát
2026-07-11 02:14,Chi,"Thiết bị, dụng cụ, phần mềm"," 750,000 ",Tiền mặt,NDN,1 máy ép cam
2026-07-10 02:12,Chi,"Thiết bị, dụng cụ, phần mềm"," 235,000 ",Tiền mặt,NDN,"Cao su, móc áo, thìa"
2026-07-05 02:05,Chi,"Thuê nhà, mặt bằng, văn phòng"," 22,000,000 ",Tiền mặt,NDN,Tiền thuê mặt bằng: Đóng 3 tháng cọc 1 tháng
2026-06-26 02:04,Chi,"Thiết bị, dụng cụ, phần mềm"," 1,800,000 ",Tiền mặt,NDN,1 máy ép nhanh
2026-06-26 02:01,Chi,"Thiết bị, dụng cụ, phần mềm"," 1,744,000 ",Tiền mặt,NDN,1 máy ép chậm
